id,started_at,duration_seconds,avg_viewers,peak_viewers,followers_gained,games,stream_url
24382738624,2017-01-30T03:15:00Z,11700,108,158,162,"IRL, Dragon Age: Inquisition, Rust",https://sullygnome.com/channel/stream/24382738624
24844321056,2017-03-21T03:30:00Z,5400,40,56,40,"IRL, Rust",https://sullygnome.com/channel/stream/24844321056
24858586448,2017-03-22T22:45:00Z,7200,71,96,73,"Rust, IRL",https://sullygnome.com/channel/stream/24858586448
24868557552,2017-03-24T05:45:00Z,8100,27,40,34,The Forest,https://sullygnome.com/channel/stream/24868557552
25244074320,2017-05-10T00:15:00Z,6300,273,341,125,IRL,https://sullygnome.com/channel/stream/25244074320
25250845296,2017-05-11T00:00:00Z,6300,42,68,32,"IRL, PUBG: BATTLEGROUNDS",https://sullygnome.com/channel/stream/25250845296
25259328272,2017-05-12T05:15:00Z,4500,20,24,14,PUBG: BATTLEGROUNDS,https://sullygnome.com/channel/stream/25259328272
25283236736,2017-05-15T06:00:00Z,1800,12,14,0,PUBG: BATTLEGROUNDS,https://sullygnome.com/channel/stream/25283236736
25289734608,2017-05-16T04:30:00Z,7200,41,58,23,"PUBG: BATTLEGROUNDS, Mass Effect 2",https://sullygnome.com/channel/stream/25289734608
25334513056,2017-05-22T04:45:00Z,3600,38,52,27,Mass Effect 3,https://sullygnome.com/channel/stream/25334513056
25526928032,2017-06-17T01:30:00Z,5400,49,79,36,"IRL, PUBG: BATTLEGROUNDS",https://sullygnome.com/channel/stream/25526928032
25548082192,2017-06-19T21:00:00Z,9000,64,93,28,"IRL, PUBG: BATTLEGROUNDS",https://sullygnome.com/channel/stream/25548082192
25563298560,2017-06-21T20:45:00Z,10800,57,102,46,"IRL, PUBG: BATTLEGROUNDS",https://sullygnome.com/channel/stream/25563298560
25578766144,2017-06-23T21:00:00Z,5400,57,66,5,IRL,https://sullygnome.com/channel/stream/25578766144
25602946560,2017-06-26T21:30:00Z,11700,44,66,15,"IRL, PUBG: BATTLEGROUNDS",https://sullygnome.com/channel/stream/25602946560
25619395072,2017-06-28T21:30:00Z,17100,51,93,64,"IRL, PUBG: BATTLEGROUNDS",https://sullygnome.com/channel/stream/25619395072
25661679104,2017-07-03T21:15:00Z,5400,62,73,44,IRL,https://sullygnome.com/channel/stream/25661679104
25665554320,2017-07-04T07:30:00Z,7200,75,128,63,IRL,https://sullygnome.com/channel/stream/25665554320
25672697424,2017-07-05T04:15:00Z,1800,24,31,8,IRL,https://sullygnome.com/channel/stream/25672697424
25673102288,2017-07-05T05:45:00Z,0,16,16,0,IRL,https://sullygnome.com/channel/stream/25673102288
25678348208,2017-07-05T22:00:00Z,10800,37,49,358,"IRL, Grand Theft Auto V",https://sullygnome.com/channel/stream/25678348208
25694777872,2017-07-07T21:30:00Z,10800,52,78,319,"IRL, Grand Theft Auto V",https://sullygnome.com/channel/stream/25694777872
25720523120,2017-07-10T22:30:00Z,9000,40,57,19,IRL,https://sullygnome.com/channel/stream/25720523120
25737151968,2017-07-12T21:45:00Z,1800,48,58,20,IRL,https://sullygnome.com/channel/stream/25737151968
25737505392,2017-07-12T22:45:00Z,4500,49,58,51,IRL,https://sullygnome.com/channel/stream/25737505392
25754360736,2017-07-14T22:30:00Z,10800,34,49,28,IRL,https://sullygnome.com/channel/stream/25754360736
25778637664,2017-07-17T21:15:00Z,10800,48,65,56,IRL,https://sullygnome.com/channel/stream/25778637664
25791541952,2017-07-19T08:45:00Z,5400,34,36,15,IRL,https://sullygnome.com/channel/stream/25791541952
25797067472,2017-07-19T23:30:00Z,0,15,15,0,IRL,https://sullygnome.com/channel/stream/25797067472
25804322768,2017-07-20T20:30:00Z,5400,174,270,366,IRL,https://sullygnome.com/channel/stream/25804322768
25813328464,2017-07-21T22:15:00Z,9000,63,75,54,IRL,https://sullygnome.com/channel/stream/25813328464
25838622032,2017-07-24T23:00:00Z,1800,53,55,6,IRL,https://sullygnome.com/channel/stream/25838622032
25854746416,2017-07-26T21:45:00Z,9900,52,65,218,"IRL, Grand Theft Auto V",https://sullygnome.com/channel/stream/25854746416
25870852112,2017-07-28T21:00:00Z,12600,52,75,55,IRL,https://sullygnome.com/channel/stream/25870852112
25895837408,2017-07-31T21:15:00Z,15300,51,79,237,"IRL, Grand Theft Auto V",https://sullygnome.com/channel/stream/25895837408
25912094480,2017-08-02T21:00:00Z,2700,46,51,21,IRL,https://sullygnome.com/channel/stream/25912094480
25928852096,2017-08-04T21:45:00Z,9900,44,59,50,"IRL, PUBG: BATTLEGROUNDS",https://sullygnome.com/channel/stream/25928852096
25953369472,2017-08-07T21:15:00Z,8100,45,57,104,"IRL, Grand Theft Auto V",https://sullygnome.com/channel/stream/25953369472
25986527184,2017-08-11T23:15:00Z,9000,33,55,30,IRL,https://sullygnome.com/channel/stream/25986527184
26011172304,2017-08-14T22:00:00Z,8100,49,57,32,IRL,https://sullygnome.com/channel/stream/26011172304
26031625584,2017-08-16T21:15:00Z,11700,43,52,56,IRL,https://sullygnome.com/channel/stream/26031625584
26048075408,2017-08-18T23:00:00Z,4500,34,42,3,IRL,https://sullygnome.com/channel/stream/26048075408
26071768336,2017-08-21T22:15:00Z,9900,42,55,39,IRL,https://sullygnome.com/channel/stream/26071768336
26086792992,2017-08-23T21:00:00Z,5400,31,42,9,IRL,https://sullygnome.com/channel/stream/26086792992
26127175392,2017-08-28T21:30:00Z,7200,39,53,10,IRL,https://sullygnome.com/channel/stream/26127175392
26143043088,2017-08-30T21:15:00Z,4500,64,82,17,IRL,https://sullygnome.com/channel/stream/26143043088
26158199088,2017-09-01T23:15:00Z,8100,49,62,28,IRL,https://sullygnome.com/channel/stream/26158199088
26196564448,2017-09-06T19:00:00Z,6300,41,52,10,IRL,https://sullygnome.com/channel/stream/26196564448
26212652016,2017-09-08T21:15:00Z,6300,76,132,39,IRL,https://sullygnome.com/channel/stream/26212652016
26220730144,2017-09-09T20:30:00Z,3600,36,42,48,"IRL, Grand Theft Auto V",https://sullygnome.com/channel/stream/26220730144
26236404432,2017-09-11T21:15:00Z,5400,44,55,15,"IRL, Grand Theft Auto V",https://sullygnome.com/channel/stream/26236404432
26251472304,2017-09-13T23:45:00Z,12600,62,92,133,"IRL, BioShock",https://sullygnome.com/channel/stream/26251472304
26256682640,2017-09-14T19:15:00Z,0,30,30,0,IRL,https://sullygnome.com/channel/stream/26256682640
26264956832,2017-09-15T22:00:00Z,9900,29,45,26,"IRL, BioShock Infinite, Grand Theft Auto V",https://sullygnome.com/channel/stream/26264956832
26287784064,2017-09-18T19:30:00Z,6300,59,77,7,IRL,https://sullygnome.com/channel/stream/26287784064
26302081360,2017-09-20T20:45:00Z,7200,66,84,7,IRL,https://sullygnome.com/channel/stream/26302081360
26308828272,2017-09-21T20:15:00Z,6300,26,41,4,HλLF-LIFE,https://sullygnome.com/channel/stream/26308828272
26315658912,2017-09-22T19:15:00Z,4500,35,40,4,IRL,https://sullygnome.com/channel/stream/26315658912
26340054208,2017-09-25T21:45:00Z,900,44,49,-1,IRL,https://sullygnome.com/channel/stream/26340054208
26348442800,2017-09-27T01:30:00Z,7200,90,142,34,IRL,https://sullygnome.com/channel/stream/26348442800
26367957536,2017-09-29T20:15:00Z,6300,54,60,9,IRL,https://sullygnome.com/channel/stream/26367957536
26377784272,2017-09-30T21:30:00Z,5400,34,45,6,IRL,https://sullygnome.com/channel/stream/26377784272
26393651120,2017-10-02T21:00:00Z,0,26,38,0,IRL,https://sullygnome.com/channel/stream/26393651120
26393706576,2017-10-02T21:30:00Z,8100,42,61,8,IRL,https://sullygnome.com/channel/stream/26393706576
26403907632,2017-10-04T06:00:00Z,900,11,23,1,IRL,https://sullygnome.com/channel/stream/26403907632
26408414688,2017-10-04T21:45:00Z,4500,39,52,2,"IRL, Just Cause 3",https://sullygnome.com/channel/stream/26408414688
26415288416,2017-10-05T20:15:00Z,0,14,28,6,IRL,https://sullygnome.com/channel/stream/26415288416
26415553312,2017-10-05T20:45:00Z,11700,30,38,22,"Just Cause 3, IRL",https://sullygnome.com/channel/stream/26415553312
26423760720,2017-10-06T23:00:00Z,2700,64,77,11,"IRL, Grand Theft Auto V",https://sullygnome.com/channel/stream/26423760720
26446390000,2017-10-09T17:45:00Z,5400,30,35,22,"Grand Theft Auto V, IRL",https://sullygnome.com/channel/stream/26446390000
26449972560,2017-10-10T02:30:00Z,12600,46,69,38,Grand Theft Auto V,https://sullygnome.com/channel/stream/26449972560
26462486128,2017-10-11T21:00:00Z,10800,48,75,58,"IRL, Grand Theft Auto V",https://sullygnome.com/channel/stream/26462486128
26468565264,2017-10-12T18:30:00Z,11700,50,71,32,"IRL, Grand Theft Auto V",https://sullygnome.com/channel/stream/26468565264
26476906752,2017-10-13T21:00:00Z,0,32,32,0,Grand Theft Auto V,https://sullygnome.com/channel/stream/26476906752
26478986736,2017-10-14T02:00:00Z,900,25,27,1,"Unlisted on Twitch, Grand Theft Auto V",https://sullygnome.com/channel/stream/26478986736
26485523760,2017-10-14T21:00:00Z,13500,53,70,57,"IRL, Grand Theft Auto V",https://sullygnome.com/channel/stream/26485523760
26494438544,2017-10-15T21:45:00Z,9000,74,93,33,IRL,https://sullygnome.com/channel/stream/26494438544
26502152688,2017-10-16T23:15:00Z,6300,48,56,8,IRL,https://sullygnome.com/channel/stream/26502152688
26515048384,2017-10-18T19:30:00Z,18900,51,77,79,"IRL, Grand Theft Auto V",https://sullygnome.com/channel/stream/26515048384
26523806144,2017-10-19T20:45:00Z,13500,53,64,65,"IRL, Grand Theft Auto V",https://sullygnome.com/channel/stream/26523806144
26526164224,2017-10-20T03:00:00Z,9900,44,53,48,Grand Theft Auto V,https://sullygnome.com/channel/stream/26526164224
26531116560,2017-10-20T20:30:00Z,18000,63,78,84,Grand Theft Auto V,https://sullygnome.com/channel/stream/26531116560
26541292752,2017-10-21T23:30:00Z,10800,28,48,36,Grand Theft Auto V,https://sullygnome.com/channel/stream/26541292752
26555576928,2017-10-23T20:15:00Z,11700,64,85,73,"IRL, Grand Theft Auto V",https://sullygnome.com/channel/stream/26555576928
26563892864,2017-10-24T21:00:00Z,12600,38,44,28,"IRL, Grand Theft Auto V",https://sullygnome.com/channel/stream/26563892864
26571481168,2017-10-25T19:30:00Z,3600,72,90,27,"IRL, Grand Theft Auto V",https://sullygnome.com/channel/stream/26571481168
26572073536,2017-10-25T21:00:00Z,15300,72,93,55,Grand Theft Auto V,https://sullygnome.com/channel/stream/26572073536
26579605744,2017-10-26T21:00:00Z,12600,60,88,25,Grand Theft Auto V,https://sullygnome.com/channel/stream/26579605744
26587708832,2017-10-27T21:30:00Z,6300,48,59,6,Grand Theft Auto V,https://sullygnome.com/channel/stream/26587708832
26596071840,2017-10-28T20:15:00Z,19800,46,68,41,Grand Theft Auto V,https://sullygnome.com/channel/stream/26596071840
26604979616,2017-10-29T21:00:00Z,4500,57,70,7,"IRL, Happy Wheels, Grand Theft Auto V",https://sullygnome.com/channel/stream/26604979616
26606309712,2017-10-29T23:45:00Z,6300,22,34,5,Grand Theft Auto V,https://sullygnome.com/channel/stream/26606309712
26612256512,2017-10-30T20:30:00Z,14400,47,62,23,"IRL, Grand Theft Auto V",https://sullygnome.com/channel/stream/26612256512
26620306208,2017-10-31T22:15:00Z,9000,45,56,8,Grand Theft Auto V,https://sullygnome.com/channel/stream/26620306208
26626907264,2017-11-01T20:15:00Z,11700,55,65,29,"IRL, Grand Theft Auto V",https://sullygnome.com/channel/stream/26626907264
26635407152,2017-11-02T23:30:00Z,9000,89,110,100,"IRL, Grand Theft Auto V",https://sullygnome.com/channel/stream/26635407152
26642430960,2017-11-03T20:30:00Z,21600,75,91,52,Grand Theft Auto V,https://sullygnome.com/channel/stream/26642430960
26653484192,2017-11-04T23:30:00Z,25200,68,114,58,Grand Theft Auto V,https://sullygnome.com/channel/stream/26653484192
26664313632,2017-11-06T05:30:00Z,12600,70,111,23,Grand Theft Auto V,https://sullygnome.com/channel/stream/26664313632
26669567920,2017-11-06T23:45:00Z,5400,61,67,5,Grand Theft Auto V,https://sullygnome.com/channel/stream/26669567920
26677291568,2017-11-08T00:15:00Z,9900,53,66,16,Grand Theft Auto V,https://sullygnome.com/channel/stream/26677291568
26686292688,2017-11-09T05:00:00Z,4500,49,67,5,Grand Theft Auto V,https://sullygnome.com/channel/stream/26686292688
26690786896,2017-11-09T21:30:00Z,12600,49,68,10,Grand Theft Auto V,https://sullygnome.com/channel/stream/26690786896
26699979840,2017-11-10T23:30:00Z,13500,117,173,59,Grand Theft Auto V,https://sullygnome.com/channel/stream/26699979840
26724960896,2017-11-13T22:45:00Z,20700,110,247,39,Grand Theft Auto V,https://sullygnome.com/channel/stream/26724960896
26732230000,2017-11-14T22:45:00Z,13500,77,92,14,Grand Theft Auto V,https://sullygnome.com/channel/stream/26732230000
26739979456,2017-11-15T23:30:00Z,3600,69,82,5,Grand Theft Auto V,https://sullygnome.com/channel/stream/26739979456
26747065952,2017-11-16T21:45:00Z,7200,52,75,4,Grand Theft Auto V,https://sullygnome.com/channel/stream/26747065952
26754944336,2017-11-17T22:15:00Z,11700,72,203,26,Grand Theft Auto V,https://sullygnome.com/channel/stream/26754944336
26765167312,2017-11-19T00:30:00Z,8100,61,87,19,Grand Theft Auto V,https://sullygnome.com/channel/stream/26765167312
26775455760,2017-11-20T04:30:00Z,10800,43,65,5,Grand Theft Auto V,https://sullygnome.com/channel/stream/26775455760
26781074800,2017-11-20T23:00:00Z,13500,70,91,17,Grand Theft Auto V,https://sullygnome.com/channel/stream/26781074800
26790382784,2017-11-22T02:15:00Z,9900,55,73,25,Grand Theft Auto V,https://sullygnome.com/channel/stream/26790382784
26791791792,2017-11-22T06:45:00Z,900,27,29,0,Grand Theft Auto V,https://sullygnome.com/channel/stream/26791791792
26796013904,2017-11-22T21:00:00Z,9000,92,110,24,Grand Theft Auto V,https://sullygnome.com/channel/stream/26796013904
26812416720,2017-11-24T22:45:00Z,21600,84,208,70,Grand Theft Auto V,https://sullygnome.com/channel/stream/26812416720
26822057296,2017-11-25T23:30:00Z,18000,78,96,35,Grand Theft Auto V,https://sullygnome.com/channel/stream/26822057296
26838278272,2017-11-27T22:15:00Z,32400,127,246,145,Grand Theft Auto V,https://sullygnome.com/channel/stream/26838278272
26846018448,2017-11-28T22:15:00Z,12600,137,287,57,Grand Theft Auto V,https://sullygnome.com/channel/stream/26846018448
26854471344,2017-11-29T23:15:00Z,14400,126,151,17,Grand Theft Auto V,https://sullygnome.com/channel/stream/26854471344
26862091216,2017-11-30T22:30:00Z,7200,111,183,18,Grand Theft Auto V,https://sullygnome.com/channel/stream/26862091216
26870667888,2017-12-01T23:15:00Z,5400,162,175,13,Grand Theft Auto V,https://sullygnome.com/channel/stream/26870667888
26871623040,2017-12-02T01:30:00Z,4500,82,96,6,Grand Theft Auto V,https://sullygnome.com/channel/stream/26871623040
26880843952,2017-12-03T00:00:00Z,9000,89,189,40,Grand Theft Auto V,https://sullygnome.com/channel/stream/26880843952
26898575408,2017-12-05T01:00:00Z,6300,87,92,13,Grand Theft Auto V,https://sullygnome.com/channel/stream/26898575408
26907622000,2017-12-06T02:15:00Z,22500,49,85,44,Grand Theft Auto V,https://sullygnome.com/channel/stream/26907622000
26913823552,2017-12-06T21:30:00Z,17100,83,131,21,Grand Theft Auto V,https://sullygnome.com/channel/stream/26913823552
26922292416,2017-12-07T22:30:00Z,21600,119,244,39,Grand Theft Auto V,https://sullygnome.com/channel/stream/26922292416
26940631424,2017-12-09T21:45:00Z,21600,99,188,44,Grand Theft Auto V,https://sullygnome.com/channel/stream/26940631424
26952941664,2017-12-11T03:30:00Z,7200,45,55,9,Grand Theft Auto V,https://sullygnome.com/channel/stream/26952941664
26958385968,2017-12-11T22:15:00Z,13500,113,222,33,Grand Theft Auto V,https://sullygnome.com/channel/stream/26958385968
26965994112,2017-12-12T20:30:00Z,16200,61,83,19,Grand Theft Auto V,https://sullygnome.com/channel/stream/26965994112
26975892784,2017-12-14T00:15:00Z,11700,59,78,11,Grand Theft Auto V,https://sullygnome.com/channel/stream/26975892784
26982310464,2017-12-14T20:30:00Z,16200,114,184,26,Grand Theft Auto V,https://sullygnome.com/channel/stream/26982310464
27000800304,2017-12-16T22:45:00Z,7200,72,93,7,Grand Theft Auto V,https://sullygnome.com/channel/stream/27000800304
27017643152,2017-12-18T21:30:00Z,13500,80,120,26,Grand Theft Auto V,https://sullygnome.com/channel/stream/27017643152
27026305440,2017-12-19T22:30:00Z,0,29,29,0,Grand Theft Auto V,https://sullygnome.com/channel/stream/27026305440
27034222992,2017-12-20T21:30:00Z,10800,50,74,10,Grand Theft Auto V,https://sullygnome.com/channel/stream/27034222992
27042401168,2017-12-21T21:15:00Z,7200,50,58,19,Grand Theft Auto V,https://sullygnome.com/channel/stream/27042401168
27059832080,2017-12-23T20:15:00Z,16200,71,82,14,Grand Theft Auto V,https://sullygnome.com/channel/stream/27059832080
27088054240,2017-12-27T05:15:00Z,8100,30,35,16,Grand Theft Auto V,https://sullygnome.com/channel/stream/27088054240
27092967552,2017-12-27T19:45:00Z,23400,72,153,25,"Grand Theft Auto V, Doki Doki Literature Club!, Final Fantasy X/X-2 HD Remaster",https://sullygnome.com/channel/stream/27092967552
27104525232,2017-12-28T23:45:00Z,1800,35,42,1,"Final Fantasy X/X-2 HD Remaster, Grand Theft Auto V",https://sullygnome.com/channel/stream/27104525232
27112299472,2017-12-29T19:45:00Z,22500,85,184,40,Grand Theft Auto V,https://sullygnome.com/channel/stream/27112299472
27121878048,2017-12-30T19:15:00Z,900,39,50,2,Grand Theft Auto V,https://sullygnome.com/channel/stream/27121878048
27132173760,2017-12-31T21:00:00Z,6300,44,69,6,Grand Theft Auto V,https://sullygnome.com/channel/stream/27132173760
27151009552,2018-01-02T21:45:00Z,1800,27,31,1,Grand Theft Auto V,https://sullygnome.com/channel/stream/27151009552
27151712224,2018-01-02T23:00:00Z,175500,39,161,0,"Grand Theft Auto V, SOMA",https://sullygnome.com/channel/stream/27151712224
27181764560,2018-01-05T22:00:00Z,7200,73,103,15,Grand Theft Auto V,https://sullygnome.com/channel/stream/27181764560
27195478608,2018-01-07T01:45:00Z,0,25,25,0,Grand Theft Auto V,https://sullygnome.com/channel/stream/27195478608
27195818576,2018-01-07T03:00:00Z,8100,102,204,33,Grand Theft Auto V,https://sullygnome.com/channel/stream/27195818576
27204814944,2018-01-07T22:45:00Z,26100,90,161,66,Grand Theft Auto V,https://sullygnome.com/channel/stream/27204814944
27213487056,2018-01-08T20:45:00Z,15300,61,88,35,Grand Theft Auto V,https://sullygnome.com/channel/stream/27213487056
27223870016,2018-01-09T22:15:00Z,11700,50,69,16,Grand Theft Auto V,https://sullygnome.com/channel/stream/27223870016
27233757024,2018-01-10T23:45:00Z,9000,83,144,18,Grand Theft Auto V,https://sullygnome.com/channel/stream/27233757024
27240661056,2018-01-11T19:15:00Z,17100,91,123,14,Grand Theft Auto V,https://sullygnome.com/channel/stream/27240661056
27249894736,2018-01-12T18:30:00Z,17100,99,156,60,Grand Theft Auto V,https://sullygnome.com/channel/stream/27249894736
27255801408,2018-01-13T05:00:00Z,3600,21,37,5,Grand Theft Auto V,https://sullygnome.com/channel/stream/27255801408
27262195968,2018-01-13T19:45:00Z,16200,120,169,22,Grand Theft Auto V,https://sullygnome.com/channel/stream/27262195968
27283371856,2018-01-15T18:15:00Z,19800,141,331,63,Grand Theft Auto V,https://sullygnome.com/channel/stream/27283371856
27293397232,2018-01-16T17:45:00Z,6300,89,196,17,Grand Theft Auto V,https://sullygnome.com/channel/stream/27293397232
27294497808,2018-01-16T20:00:00Z,12600,133,182,26,Grand Theft Auto V,https://sullygnome.com/channel/stream/27294497808
27303746496,2018-01-17T18:00:00Z,30600,125,275,58,Grand Theft Auto V,https://sullygnome.com/channel/stream/27303746496
27314550752,2018-01-18T19:00:00Z,13500,88,130,20,Grand Theft Auto V,https://sullygnome.com/channel/stream/27314550752
27325088288,2018-01-19T20:00:00Z,6300,74,80,8,Grand Theft Auto V,https://sullygnome.com/channel/stream/27325088288
27339108752,2018-01-20T22:15:00Z,8100,60,76,15,Grand Theft Auto V,https://sullygnome.com/channel/stream/27339108752
27358708256,2018-01-22T18:15:00Z,20700,76,118,23,Grand Theft Auto V,https://sullygnome.com/channel/stream/27358708256
27368576944,2018-01-23T17:45:00Z,23400,54,79,13,Grand Theft Auto V,https://sullygnome.com/channel/stream/27368576944
27379463616,2018-01-24T19:30:00Z,18000,58,78,19,Grand Theft Auto V,https://sullygnome.com/channel/stream/27379463616
27389586256,2018-01-25T19:30:00Z,9900,48,66,6,Grand Theft Auto V,https://sullygnome.com/channel/stream/27389586256
27399342880,2018-01-26T18:00:00Z,36000,95,135,60,Grand Theft Auto V,https://sullygnome.com/channel/stream/27399342880
27449599664,2018-01-31T03:00:00Z,9000,49,68,18,Grand Theft Auto V,https://sullygnome.com/channel/stream/27449599664
27455612848,2018-01-31T19:15:00Z,18900,62,85,33,Grand Theft Auto V,https://sullygnome.com/channel/stream/27455612848
27467438544,2018-02-01T22:30:00Z,11700,91,174,9,Grand Theft Auto V,https://sullygnome.com/channel/stream/27467438544
27474643184,2018-02-02T16:45:00Z,9000,83,182,19,Grand Theft Auto V,https://sullygnome.com/channel/stream/27474643184
27490711952,2018-02-03T23:00:00Z,9900,101,278,31,Grand Theft Auto V,https://sullygnome.com/channel/stream/27490711952
27505145760,2018-02-05T04:30:00Z,8100,72,83,12,Grand Theft Auto V,https://sullygnome.com/channel/stream/27505145760
27531433584,2018-02-07T21:15:00Z,16200,56,77,-1,Grand Theft Auto V,https://sullygnome.com/channel/stream/27531433584
27544973104,2018-02-09T04:00:00Z,9000,65,162,29,Grand Theft Auto V,https://sullygnome.com/channel/stream/27544973104
27550628880,2018-02-09T20:30:00Z,0,38,38,0,Grand Theft Auto V,https://sullygnome.com/channel/stream/27550628880
27553268096,2018-02-10T00:15:00Z,11700,82,144,13,Grand Theft Auto V,https://sullygnome.com/channel/stream/27553268096
27565399024,2018-02-10T23:15:00Z,18900,89,273,22,Grand Theft Auto V,https://sullygnome.com/channel/stream/27565399024
27579539808,2018-02-12T02:15:00Z,10800,71,143,22,Grand Theft Auto V,https://sullygnome.com/channel/stream/27579539808
27587964912,2018-02-12T22:45:00Z,16200,100,240,32,Grand Theft Auto V,https://sullygnome.com/channel/stream/27587964912
27597281360,2018-02-13T20:45:00Z,14400,164,391,59,Grand Theft Auto V,https://sullygnome.com/channel/stream/27597281360
27608321104,2018-02-14T23:15:00Z,900,68,84,1,Grand Theft Auto V,https://sullygnome.com/channel/stream/27608321104
27611372512,2018-02-15T05:00:00Z,11700,64,94,122,Grand Theft Auto V,https://sullygnome.com/channel/stream/27611372512
27617164768,2018-02-15T20:45:00Z,21600,118,177,45,Grand Theft Auto V,https://sullygnome.com/channel/stream/27617164768
27629234512,2018-02-16T22:00:00Z,25200,104,202,42,Grand Theft Auto V,https://sullygnome.com/channel/stream/27629234512
27641417232,2018-02-17T21:30:00Z,36000,80,137,81,Grand Theft Auto V,https://sullygnome.com/channel/stream/27641417232
27652897504,2018-02-18T20:45:00Z,12600,128,170,40,Grand Theft Auto V,https://sullygnome.com/channel/stream/27652897504
27656740224,2018-02-19T03:15:00Z,13500,57,80,53,Grand Theft Auto V,https://sullygnome.com/channel/stream/27656740224
27662857168,2018-02-19T19:00:00Z,25200,140,227,83,Grand Theft Auto V,https://sullygnome.com/channel/stream/27662857168
27674636176,2018-02-20T20:30:00Z,40500,82,278,117,Grand Theft Auto V,https://sullygnome.com/channel/stream/27674636176
27684158464,2018-02-21T19:15:00Z,18900,132,335,74,Grand Theft Auto V,https://sullygnome.com/channel/stream/27684158464
27695609664,2018-02-22T21:00:00Z,11700,163,315,28,Grand Theft Auto V,https://sullygnome.com/channel/stream/27695609664
27697614416,2018-02-23T01:00:00Z,27900,3316,16069,918,Grand Theft Auto V,https://sullygnome.com/channel/stream/27697614416
27712511168,2018-02-24T06:45:00Z,16200,238,423,84,Grand Theft Auto V,https://sullygnome.com/channel/stream/27712511168
27721590832,2018-02-25T00:00:00Z,17100,192,327,26,Grand Theft Auto V,https://sullygnome.com/channel/stream/27721590832
27732477872,2018-02-25T21:15:00Z,17100,207,371,75,Grand Theft Auto V,https://sullygnome.com/channel/stream/27732477872
27756956432,2018-02-28T04:30:00Z,14400,157,199,49,Grand Theft Auto V,https://sullygnome.com/channel/stream/27756956432
27778894272,2018-03-02T04:00:00Z,22500,240,537,114,Grand Theft Auto V,https://sullygnome.com/channel/stream/27778894272
27788943680,2018-03-03T00:15:00Z,18000,200,346,70,Grand Theft Auto V,https://sullygnome.com/channel/stream/27788943680
27802710352,2018-03-03T23:30:00Z,29700,183,278,91,"Grand Theft Auto V, IRL",https://sullygnome.com/channel/stream/27802710352
27816821520,2018-03-05T00:00:00Z,26100,248,490,120,Grand Theft Auto V,https://sullygnome.com/channel/stream/27816821520
27837453840,2018-03-06T21:45:00Z,7200,100,142,9,"Grand Theft Auto V, RuneScape",https://sullygnome.com/channel/stream/27837453840
27859822016,2018-03-08T21:15:00Z,24300,249,581,78,Grand Theft Auto V,https://sullygnome.com/channel/stream/27859822016
27909434464,2018-03-12T20:00:00Z,29700,139,219,70,Grand Theft Auto V,https://sullygnome.com/channel/stream/27909434464
27920749488,2018-03-13T20:15:00Z,36000,119,360,92,Grand Theft Auto V,https://sullygnome.com/channel/stream/27920749488
27931626064,2018-03-14T20:00:00Z,26100,104,151,20,Grand Theft Auto V,https://sullygnome.com/channel/stream/27931626064
27948399792,2018-03-16T05:30:00Z,13500,144,354,55,Grand Theft Auto V,https://sullygnome.com/channel/stream/27948399792
27955032512,2018-03-16T21:00:00Z,29700,110,155,32,Grand Theft Auto V,https://sullygnome.com/channel/stream/27955032512
27971903104,2018-03-18T00:30:00Z,18000,92,129,19,Grand Theft Auto V,https://sullygnome.com/channel/stream/27971903104
27995702752,2018-03-19T22:00:00Z,13500,120,166,38,Grand Theft Auto V,https://sullygnome.com/channel/stream/27995702752
27999226560,2018-03-20T03:15:00Z,16200,100,168,19,Sea of Thieves,https://sullygnome.com/channel/stream/27999226560
28009040992,2018-03-21T00:15:00Z,9900,89,131,6,Sea of Thieves,https://sullygnome.com/channel/stream/28009040992
28021278512,2018-03-21T23:45:00Z,3600,89,121,15,Grand Theft Auto V,https://sullygnome.com/channel/stream/28021278512
28031518368,2018-03-22T21:45:00Z,19800,180,275,125,Grand Theft Auto V,https://sullygnome.com/channel/stream/28031518368
28043751248,2018-03-23T21:30:00Z,33300,207,408,232,"Grand Theft Auto V, A Way Out",https://sullygnome.com/channel/stream/28043751248
28075495840,2018-03-26T00:45:00Z,10800,129,163,29,"Grand Theft Auto V, A Way Out",https://sullygnome.com/channel/stream/28075495840
28085510208,2018-03-26T21:15:00Z,23400,123,186,69,Grand Theft Auto V,https://sullygnome.com/channel/stream/28085510208
28099049408,2018-03-27T22:00:00Z,7200,120,168,13,"Grand Theft Auto V, PixArk",https://sullygnome.com/channel/stream/28099049408
28101022208,2018-03-28T00:45:00Z,6300,208,265,6,"PixArk, IRL",https://sullygnome.com/channel/stream/28101022208
28116446304,2018-03-29T05:15:00Z,10800,148,288,33,IRL,https://sullygnome.com/channel/stream/28116446304
28140281120,2018-03-30T23:30:00Z,22500,144,196,38,Grand Theft Auto V,https://sullygnome.com/channel/stream/28140281120
28177187856,2018-04-02T18:30:00Z,36900,162,274,113,"Grand Theft Auto V, IRL",https://sullygnome.com/channel/stream/28177187856
28193079024,2018-04-03T22:00:00Z,9000,131,169,18,Grand Theft Auto V,https://sullygnome.com/channel/stream/28193079024
28206163872,2018-04-04T22:00:00Z,22500,195,344,101,Grand Theft Auto V,https://sullygnome.com/channel/stream/28206163872
28218752672,2018-04-05T23:00:00Z,13500,173,218,37,Grand Theft Auto V,https://sullygnome.com/channel/stream/28218752672
28231648736,2018-04-06T23:30:00Z,22500,107,158,27,"Grand Theft Auto V, Welcome to the Game II",https://sullygnome.com/channel/stream/28231648736
28243727680,2018-04-07T20:00:00Z,32400,147,232,62,Grand Theft Auto V,https://sullygnome.com/channel/stream/28243727680
28271905536,2018-04-09T23:00:00Z,15300,125,176,31,Grand Theft Auto V,https://sullygnome.com/channel/stream/28271905536
28281122800,2018-04-10T18:30:00Z,19800,253,765,197,Grand Theft Auto V,https://sullygnome.com/channel/stream/28281122800
28294308304,2018-04-11T19:45:00Z,20700,127,396,33,Grand Theft Auto V,https://sullygnome.com/channel/stream/28294308304
28306025024,2018-04-12T19:45:00Z,17100,131,240,41,Grand Theft Auto V,https://sullygnome.com/channel/stream/28306025024
28319575840,2018-04-13T21:30:00Z,17100,159,222,30,Grand Theft Auto V,https://sullygnome.com/channel/stream/28319575840
28336593344,2018-04-15T02:00:00Z,9900,83,148,8,Grand Theft Auto V,https://sullygnome.com/channel/stream/28336593344
28356559568,2018-04-16T17:30:00Z,13500,92,115,28,Grand Theft Auto V,https://sullygnome.com/channel/stream/28356559568
28360605376,2018-04-16T23:15:00Z,8100,123,168,19,Grand Theft Auto V,https://sullygnome.com/channel/stream/28360605376
28368686016,2018-04-17T17:45:00Z,25200,126,424,45,Grand Theft Auto V,https://sullygnome.com/channel/stream/28368686016
28381910240,2018-04-18T20:15:00Z,18000,99,143,19,Grand Theft Auto V,https://sullygnome.com/channel/stream/28381910240
28392914512,2018-04-19T19:45:00Z,18000,131,192,38,Grand Theft Auto V,https://sullygnome.com/channel/stream/28392914512
28404406000,2018-04-20T19:30:00Z,15300,112,279,22,Grand Theft Auto V,https://sullygnome.com/channel/stream/28404406000
28410673072,2018-04-21T04:30:00Z,4500,80,96,5,Bigfoot,https://sullygnome.com/channel/stream/28410673072
28422628752,2018-04-22T01:30:00Z,8100,68,95,11,Grand Theft Auto V,https://sullygnome.com/channel/stream/28422628752
28432864384,2018-04-22T20:30:00Z,18000,160,320,32,Grand Theft Auto V,https://sullygnome.com/channel/stream/28432864384
28444261840,2018-04-23T20:30:00Z,17100,113,174,30,Grand Theft Auto V,https://sullygnome.com/channel/stream/28444261840
28454227344,2018-04-24T18:30:00Z,18000,114,195,22,Grand Theft Auto V,https://sullygnome.com/channel/stream/28454227344
28466670224,2018-04-25T20:15:00Z,12600,144,231,17,Grand Theft Auto V,https://sullygnome.com/channel/stream/28466670224
28477922256,2018-04-26T19:30:00Z,10800,88,151,8,Grand Theft Auto V,https://sullygnome.com/channel/stream/28477922256
28488661504,2018-04-27T18:45:00Z,18900,168,218,36,Grand Theft Auto V,https://sullygnome.com/channel/stream/28488661504
28522635984,2018-04-30T05:00:00Z,13500,94,131,18,Creative,https://sullygnome.com/channel/stream/28522635984
28541584128,2018-05-01T20:00:00Z,9900,85,105,13,Grand Theft Auto V,https://sullygnome.com/channel/stream/28541584128
28550456496,2018-05-02T16:30:00Z,19800,92,207,33,Grand Theft Auto V,https://sullygnome.com/channel/stream/28550456496
28563801280,2018-05-03T20:45:00Z,10800,95,125,10,Grand Theft Auto V,https://sullygnome.com/channel/stream/28563801280
28568616768,2018-05-04T05:30:00Z,12600,109,136,6,"Grand Theft Auto V, The Forest",https://sullygnome.com/channel/stream/28568616768
28579712416,2018-05-05T03:45:00Z,4500,64,71,-1,The Forest,https://sullygnome.com/channel/stream/28579712416
28611932976,2018-05-07T18:30:00Z,17100,137,266,56,"Grand Theft Auto V, IRL",https://sullygnome.com/channel/stream/28611932976
28617466704,2018-05-08T03:30:00Z,8100,94,119,19,Grand Theft Auto V,https://sullygnome.com/channel/stream/28617466704
28625927376,2018-05-08T23:00:00Z,9000,91,108,6,IRL,https://sullygnome.com/channel/stream/28625927376
28640277392,2018-05-10T04:00:00Z,14400,153,316,31,Conan Exiles,https://sullygnome.com/channel/stream/28640277392
28645672096,2018-05-10T17:45:00Z,23400,148,255,29,"Grand Theft Auto V, Conan Exiles",https://sullygnome.com/channel/stream/28645672096
28661285728,2018-05-11T23:15:00Z,20700,110,209,33,Grand Theft Auto V,https://sullygnome.com/channel/stream/28661285728
28697328384,2018-05-14T18:45:00Z,10800,113,155,18,Grand Theft Auto V,https://sullygnome.com/channel/stream/28697328384
28700682256,2018-05-14T23:45:00Z,900,69,88,3,IRL,https://sullygnome.com/channel/stream/28700682256
28701081856,2018-05-15T00:30:00Z,0,80,88,4,IRL,https://sullygnome.com/channel/stream/28701081856
28709012416,2018-05-15T19:15:00Z,9900,62,80,6,Grand Theft Auto V,https://sullygnome.com/channel/stream/28709012416
28712493968,2018-05-16T00:30:00Z,16200,93,139,46,"Grand Theft Auto V, Conan Exiles",https://sullygnome.com/channel/stream/28712493968
28719961840,2018-05-16T18:30:00Z,19800,145,473,66,Grand Theft Auto V,https://sullygnome.com/channel/stream/28719961840
28743070736,2018-05-18T18:45:00Z,1800,44,60,6,Grand Theft Auto V,https://sullygnome.com/channel/stream/28743070736
28783644544,2018-05-21T20:00:00Z,15300,108,216,25,"Grand Theft Auto V, IRL",https://sullygnome.com/channel/stream/28783644544
28794841392,2018-05-22T19:30:00Z,11700,74,91,8,Grand Theft Auto V,https://sullygnome.com/channel/stream/28794841392
28823065760,2018-05-25T02:00:00Z,18900,78,140,45,"Grand Theft Auto V, Monopoly, Monopoly Plus, Unlisted on Twitch, Desolate",https://sullygnome.com/channel/stream/28823065760
28870983552,2018-05-28T18:00:00Z,9900,94,120,19,Grand Theft Auto V,https://sullygnome.com/channel/stream/28870983552
28937802832,2018-06-02T21:30:00Z,9900,156,344,26,"Grand Theft Auto V, IRL",https://sullygnome.com/channel/stream/28937802832
28967587584,2018-06-05T03:30:00Z,0,58,58,0,IRL,https://sullygnome.com/channel/stream/28967587584
28967866304,2018-06-05T04:00:00Z,7200,89,303,4,IRL,https://sullygnome.com/channel/stream/28967866304
28976241440,2018-06-05T21:30:00Z,9000,71,137,9,Grand Theft Auto V,https://sullygnome.com/channel/stream/28976241440
28986518416,2018-06-06T18:15:00Z,18900,91,138,29,"Grand Theft Auto V, IRL",https://sullygnome.com/channel/stream/28986518416
28999030576,2018-06-07T18:15:00Z,27900,99,147,41,"Grand Theft Auto V, IRL",https://sullygnome.com/channel/stream/28999030576
29012397552,2018-06-08T19:00:00Z,17100,151,272,48,"Grand Theft Auto V, IRL",https://sullygnome.com/channel/stream/29012397552
29033008592,2018-06-10T05:15:00Z,6300,52,67,4,IRL,https://sullygnome.com/channel/stream/29033008592
29052155568,2018-06-11T18:30:00Z,19800,128,193,33,"IRL, Grand Theft Auto V",https://sullygnome.com/channel/stream/29052155568
29102609904,2018-06-15T19:30:00Z,8100,132,175,31,"Grand Theft Auto V, IRL",https://sullygnome.com/channel/stream/29102609904
29121945664,2018-06-17T05:15:00Z,9000,57,65,13,IRL,https://sullygnome.com/channel/stream/29121945664
29129522000,2018-06-17T20:15:00Z,11700,112,263,20,IRL,https://sullygnome.com/channel/stream/29129522000
29131668416,2018-06-18T00:00:00Z,15300,90,109,9,IRL,https://sullygnome.com/channel/stream/29131668416
29134210720,2018-06-18T04:45:00Z,900,77,98,2,IRL,https://sullygnome.com/channel/stream/29134210720
29140602592,2018-06-18T19:00:00Z,11700,137,218,28,Grand Theft Auto V,https://sullygnome.com/channel/stream/29140602592
29153045040,2018-06-19T18:45:00Z,23400,73,118,10,"Grand Theft Auto V, IRL",https://sullygnome.com/channel/stream/29153045040
29165562464,2018-06-20T18:15:00Z,22500,143,252,44,"Grand Theft Auto V, IRL",https://sullygnome.com/channel/stream/29165562464
29178748880,2018-06-21T18:45:00Z,9000,239,324,28,Grand Theft Auto V,https://sullygnome.com/channel/stream/29178748880
29184549104,2018-06-22T03:15:00Z,17100,80,216,15,IRL,https://sullygnome.com/channel/stream/29184549104
29192537296,2018-06-22T19:45:00Z,12600,122,196,25,"IRL, Grand Theft Auto, Grand Theft Auto V",https://sullygnome.com/channel/stream/29192537296
29211391440,2018-06-24T04:00:00Z,16200,93,125,1,IRL,https://sullygnome.com/channel/stream/29211391440
29232335136,2018-06-25T19:30:00Z,0,35,35,0,Grand Theft Auto V,https://sullygnome.com/channel/stream/29232335136
29232985632,2018-06-25T20:15:00Z,2700,114,144,2,IRL,https://sullygnome.com/channel/stream/29232985632
29283195056,2018-06-29T18:00:00Z,12600,87,122,23,"Grand Theft Auto V, IRL",https://sullygnome.com/channel/stream/29283195056
29312496560,2018-07-01T21:45:00Z,17100,78,108,15,IRL,https://sullygnome.com/channel/stream/29312496560
29323653328,2018-07-02T19:30:00Z,10800,66,98,16,"Grand Theft Auto V, IRL",https://sullygnome.com/channel/stream/29323653328
29328393488,2018-07-03T02:15:00Z,12600,116,147,36,Grand Theft Auto V,https://sullygnome.com/channel/stream/29328393488
29340059248,2018-07-04T02:45:00Z,8100,74,91,9,Grand Theft Auto V,https://sullygnome.com/channel/stream/29340059248
29350415232,2018-07-05T00:15:00Z,8100,66,87,4,IRL,https://sullygnome.com/channel/stream/29350415232
29360514192,2018-07-05T22:00:00Z,21600,179,268,49,Grand Theft Auto V,https://sullygnome.com/channel/stream/29360514192
29370654160,2018-07-06T19:00:00Z,20700,104,138,52,Grand Theft Auto V,https://sullygnome.com/channel/stream/29370654160
29385974416,2018-07-07T23:15:00Z,13500,97,120,9,"IRL, Mother Simulator",https://sullygnome.com/channel/stream/29385974416
29413596096,2018-07-10T02:30:00Z,12600,111,156,48,Grand Theft Auto V,https://sullygnome.com/channel/stream/29413596096
29423590320,2018-07-10T21:45:00Z,22500,136,177,41,Grand Theft Auto V,https://sullygnome.com/channel/stream/29423590320
29437524384,2018-07-11T22:45:00Z,22500,121,208,34,"Grand Theft Auto V, IRL",https://sullygnome.com/channel/stream/29437524384
29449290112,2018-07-12T19:30:00Z,32400,134,237,50,"IRL, Grand Theft Auto V",https://sullygnome.com/channel/stream/29449290112
29478053600,2018-07-14T20:45:00Z,11700,103,183,29,Grand Theft Auto V,https://sullygnome.com/channel/stream/29478053600
29483681792,2018-07-15T05:45:00Z,9900,63,81,6,IRL,https://sullygnome.com/channel/stream/29483681792
29485108224,2018-07-15T09:00:00Z,2700,55,66,-4,IRL,https://sullygnome.com/channel/stream/29485108224
29496804800,2018-07-16T03:45:00Z,3600,46,52,2,IRL,https://sullygnome.com/channel/stream/29496804800
29504706096,2018-07-16T19:15:00Z,23400,104,189,29,Grand Theft Auto V,https://sullygnome.com/channel/stream/29504706096
29520192352,2018-07-17T20:15:00Z,13500,180,290,22,"Grand Theft Auto V, IRL",https://sullygnome.com/channel/stream/29520192352
29547877504,2018-07-19T18:45:00Z,26100,160,387,61,"Grand Theft Auto V, IRL, Hollow Knight",https://sullygnome.com/channel/stream/29547877504
29591948128,2018-07-22T19:15:00Z,22500,140,424,53,"Grand Theft Auto V, Hollow Knight",https://sullygnome.com/channel/stream/29591948128
29606490000,2018-07-23T19:15:00Z,18000,119,154,24,Grand Theft Auto V,https://sullygnome.com/channel/stream/29606490000
29635397344,2018-07-25T17:15:00Z,29700,114,295,35,"Grand Theft Auto V, Hollow Knight",https://sullygnome.com/channel/stream/29635397344
29649668688,2018-07-26T19:00:00Z,20700,114,250,55,"Grand Theft Auto V, Hollow Knight",https://sullygnome.com/channel/stream/29649668688
29662333248,2018-07-27T19:30:00Z,3600,95,125,11,Grand Theft Auto V,https://sullygnome.com/channel/stream/29662333248
29663397280,2018-07-27T21:00:00Z,12600,132,160,15,IRL,https://sullygnome.com/channel/stream/29663397280
29701956288,2018-07-30T19:15:00Z,35100,163,335,103,Grand Theft Auto V,https://sullygnome.com/channel/stream/29701956288
29718551248,2018-07-31T22:15:00Z,14400,119,144,73,Grand Theft Auto V,https://sullygnome.com/channel/stream/29718551248
29729744656,2018-08-01T18:45:00Z,9000,128,162,24,Grand Theft Auto V,https://sullygnome.com/channel/stream/29729744656
29734265392,2018-08-02T00:45:00Z,9000,91,111,17,Grand Theft Auto V,https://sullygnome.com/channel/stream/29734265392
29746372224,2018-08-02T18:45:00Z,26100,102,201,55,Grand Theft Auto V,https://sullygnome.com/channel/stream/29746372224
29760739568,2018-08-03T18:45:00Z,24300,109,148,60,Grand Theft Auto V,https://sullygnome.com/channel/stream/29760739568
29805982896,2018-08-06T22:00:00Z,18000,97,196,34,Grand Theft Auto V,https://sullygnome.com/channel/stream/29805982896
29819709664,2018-08-07T20:15:00Z,9000,77,118,15,Grand Theft Auto V,https://sullygnome.com/channel/stream/29819709664
29869225168,2018-08-11T03:15:00Z,10800,105,349,27,Grand Theft Auto V,https://sullygnome.com/channel/stream/29869225168
30040716048,2018-08-23T00:45:00Z,9000,128,275,20,Grand Theft Auto V,https://sullygnome.com/channel/stream/30040716048
30053759408,2018-08-24T00:30:00Z,11700,68,88,15,"IRL, Grand Theft Auto V",https://sullygnome.com/channel/stream/30053759408
30067368128,2018-08-25T01:00:00Z,2700,50,72,5,Grand Theft Auto V,https://sullygnome.com/channel/stream/30067368128
30068227056,2018-08-25T02:15:00Z,9000,85,117,17,"Grand Theft Auto V, Fallout: New Vegas",https://sullygnome.com/channel/stream/30068227056
30079641280,2018-08-25T22:00:00Z,9000,77,92,11,Grand Theft Auto V,https://sullygnome.com/channel/stream/30079641280
30099767792,2018-08-27T06:30:00Z,6300,57,72,4,Fallout: New Vegas,https://sullygnome.com/channel/stream/30099767792
30106493936,2018-08-27T19:45:00Z,29700,330,1516,276,"SCUM, Grand Theft Auto V, Fallout: New Vegas, IRL",https://sullygnome.com/channel/stream/30106493936
30119302064,2018-08-28T19:00:00Z,20700,299,496,119,Grand Theft Auto V,https://sullygnome.com/channel/stream/30119302064
30123994416,2018-08-29T01:15:00Z,0,292,292,2,Grand Theft Auto V,https://sullygnome.com/channel/stream/30123994416
30124389936,2018-08-29T01:45:00Z,12600,239,292,42,"Grand Theft Auto V, IRL",https://sullygnome.com/channel/stream/30124389936
30134029808,2018-08-29T20:30:00Z,21600,151,208,47,"IRL, Grand Theft Auto V, The Universim",https://sullygnome.com/channel/stream/30134029808
30147167728,2018-08-30T20:00:00Z,31500,151,242,83,"IRL, Fortnite, Unlisted on Twitch, SCUM, Grand Theft Auto V, Fallout: New Vegas, The Universim",https://sullygnome.com/channel/stream/30147167728
30164034960,2018-09-01T00:00:00Z,26100,220,479,72,"Two Point Hospital, Grand Theft Auto V, IRL",https://sullygnome.com/channel/stream/30164034960
30199789952,2018-09-03T06:30:00Z,14400,138,202,36,IRL,https://sullygnome.com/channel/stream/30199789952
30208437312,2018-09-03T20:45:00Z,37800,134,241,33,"IRL, Cities: Skylines, Unlisted on Twitch, SCUM, Spore",https://sullygnome.com/channel/stream/30208437312
30224321552,2018-09-04T23:45:00Z,21600,141,191,38,"Grand Theft Auto V, The Legend of Zelda: Majora's Mask",https://sullygnome.com/channel/stream/30224321552
30234254784,2018-09-05T19:30:00Z,63000,164,354,80,"IRL, Grand Theft Auto V, Super Seducer 2",https://sullygnome.com/channel/stream/30234254784
30253612688,2018-09-07T06:00:00Z,9900,70,87,4,"IRL, Super Seducer 2, Unlisted on Twitch",https://sullygnome.com/channel/stream/30253612688
30266597456,2018-09-08T04:00:00Z,6300,59,66,1,"IRL, Getting Over It with Bennett Foddy, The Typing of the Dead: Overkill",https://sullygnome.com/channel/stream/30266597456
30273823184,2018-09-08T17:00:00Z,9000,96,129,26,Grand Theft Auto V,https://sullygnome.com/channel/stream/30273823184
30283654320,2018-09-09T05:15:00Z,10800,103,143,33,IRL,https://sullygnome.com/channel/stream/30283654320
30305734448,2018-09-10T19:30:00Z,24300,102,130,34,"IRL, Grand Theft Auto V",https://sullygnome.com/channel/stream/30305734448
30318590544,2018-09-11T18:45:00Z,3600,82,144,5,IRL,https://sullygnome.com/channel/stream/30318590544
30325143936,2018-09-12T04:30:00Z,11700,74,101,13,"Grand Theft Auto V, IRL",https://sullygnome.com/channel/stream/30325143936
30333734928,2018-09-12T22:15:00Z,13500,123,223,25,Grand Theft Auto V,https://sullygnome.com/channel/stream/30333734928
30344326976,2018-09-13T18:45:00Z,8100,81,91,12,Grand Theft Auto V,https://sullygnome.com/channel/stream/30344326976
30410031808,2018-09-18T04:30:00Z,18900,93,235,7,"Grand Theft Auto V, IRL, Super Seducer 2",https://sullygnome.com/channel/stream/30410031808
30431746864,2018-09-19T23:00:00Z,9000,72,123,3,Unlisted on Twitch,https://sullygnome.com/channel/stream/30431746864
30443082448,2018-09-20T22:00:00Z,27900,123,199,37,"Unlisted on Twitch, Grand Theft Auto V, IRL",https://sullygnome.com/channel/stream/30443082448
30457918304,2018-09-22T00:00:00Z,17100,143,346,25,"IRL, Unlisted on Twitch",https://sullygnome.com/channel/stream/30457918304
30461531184,2018-09-22T05:15:00Z,23400,114,189,12,IRL,https://sullygnome.com/channel/stream/30461531184
30492706832,2018-09-24T02:15:00Z,12600,62,92,20,IRL,https://sullygnome.com/channel/stream/30492706832
30499625552,2018-09-24T18:15:00Z,17100,73,106,19,Grand Theft Auto V,https://sullygnome.com/channel/stream/30499625552
30513127920,2018-09-25T19:15:00Z,20700,126,296,14,"Grand Theft Auto V, Marbles on Stream, Domina, IRL",https://sullygnome.com/channel/stream/30513127920
30526001920,2018-09-26T18:45:00Z,15300,74,110,13,"Grand Theft Auto V, IRL",https://sullygnome.com/channel/stream/30526001920
30532570688,2018-09-27T05:15:00Z,6300,173,250,15,"Unlisted on Twitch, Grand Theft Auto V",https://sullygnome.com/channel/stream/30532570688
30540794320,2018-09-27T21:45:00Z,12600,110,166,6,Grand Theft Auto V,https://sullygnome.com/channel/stream/30540794320
30554635008,2018-09-28T22:45:00Z,35100,283,2007,204,"Just Chatting, Marbles on Stream",https://sullygnome.com/channel/stream/30554635008
30572397792,2018-09-30T00:45:00Z,10800,96,108,18,Grand Theft Auto V,https://sullygnome.com/channel/stream/30572397792
30597327024,2018-10-01T19:45:00Z,13500,91,151,13,"Just Chatting, Grand Theft Auto V",https://sullygnome.com/channel/stream/30597327024
30600213568,2018-10-02T00:00:00Z,20700,110,151,9,"Just Chatting, Getting Over It with Bennett Foddy, Music",https://sullygnome.com/channel/stream/30600213568
30615351888,2018-10-03T03:30:00Z,2700,55,69,16,Just Chatting,https://sullygnome.com/channel/stream/30615351888
30615878224,2018-10-03T04:45:00Z,7200,63,82,9,Just Chatting,https://sullygnome.com/channel/stream/30615878224
30623303664,2018-10-03T20:30:00Z,6300,67,82,3,"Just Chatting, Marbles on Stream, Grand Theft Auto V",https://sullygnome.com/channel/stream/30623303664
30639300208,2018-10-05T02:00:00Z,10800,86,132,12,"Grand Theft Auto V, Just Chatting",https://sullygnome.com/channel/stream/30639300208
30670195488,2018-10-07T03:45:00Z,19800,82,117,8,"Just Chatting, Grand Theft Auto V",https://sullygnome.com/channel/stream/30670195488
30694477392,2018-10-08T20:30:00Z,29700,126,200,37,"Grand Theft Auto V, Assassin's Creed Odyssey",https://sullygnome.com/channel/stream/30694477392
30706513728,2018-10-09T19:30:00Z,18000,135,186,37,"Grand Theft Auto V, Just Chatting",https://sullygnome.com/channel/stream/30706513728
30721282864,2018-10-10T22:15:00Z,18900,73,100,18,"Grand Theft Auto V, Assassin's Creed Odyssey",https://sullygnome.com/channel/stream/30721282864
30734634656,2018-10-11T23:15:00Z,32400,155,295,46,"Grand Theft Auto V, Just Chatting",https://sullygnome.com/channel/stream/30734634656
30748926480,2018-10-12T22:30:00Z,18900,106,301,18,"Grand Theft Auto V, Just Chatting, Unlisted on Twitch",https://sullygnome.com/channel/stream/30748926480
30753248048,2018-10-13T04:15:00Z,1800,58,62,-1,Unlisted on Twitch,https://sullygnome.com/channel/stream/30753248048
30783870384,2018-10-15T00:30:00Z,23400,119,240,58,"Grand Theft Auto V, Unlisted on Twitch, Just Chatting",https://sullygnome.com/channel/stream/30783870384
30794777840,2018-10-15T21:00:00Z,19800,102,151,25,Grand Theft Auto V,https://sullygnome.com/channel/stream/30794777840
30808427744,2018-10-16T22:45:00Z,26100,188,303,64,Grand Theft Auto V,https://sullygnome.com/channel/stream/30808427744
30825269008,2018-10-18T03:45:00Z,8100,98,256,29,"Just Chatting, Grand Theft Auto V",https://sullygnome.com/channel/stream/30825269008
30834471584,2018-10-18T22:45:00Z,19800,114,163,20,"Grand Theft Auto V, Just Chatting, Unlisted on Twitch",https://sullygnome.com/channel/stream/30834471584
30838176864,2018-10-19T04:45:00Z,1800,92,107,2,Unlisted on Twitch,https://sullygnome.com/channel/stream/30838176864
30848415440,2018-10-19T23:45:00Z,24300,122,212,53,Grand Theft Auto V,https://sullygnome.com/channel/stream/30848415440
30888568880,2018-10-22T18:00:00Z,48600,167,345,89,"Grand Theft Auto V, Just Chatting",https://sullygnome.com/channel/stream/30888568880
30905525328,2018-10-23T23:45:00Z,8100,107,148,5,Grand Theft Auto V,https://sullygnome.com/channel/stream/30905525328
30930282112,2018-10-25T23:30:00Z,2700,73,101,-1,"Unlisted on Twitch, Just Chatting",https://sullygnome.com/channel/stream/30930282112
31028953552,2018-10-31T21:15:00Z,900,18,37,0,"Just Chatting, Unlisted on Twitch",https://sullygnome.com/channel/stream/31028953552
31099109344,2018-11-05T01:30:00Z,18900,89,120,15,"Grand Theft Auto V, Just Chatting",https://sullygnome.com/channel/stream/31099109344
31114324768,2018-11-05T18:45:00Z,900,16,33,-2,Just Chatting,https://sullygnome.com/channel/stream/31114324768
31115636368,2018-11-05T20:15:00Z,54000,153,293,103,"Just Chatting, Grand Theft Auto V",https://sullygnome.com/channel/stream/31115636368
31132779360,2018-11-06T23:00:00Z,45000,114,168,52,"Grand Theft Auto V, Just Chatting",https://sullygnome.com/channel/stream/31132779360
31157605744,2018-11-08T22:30:00Z,7200,59,87,4,"Grand Theft Auto V, Just Chatting",https://sullygnome.com/channel/stream/31157605744
31172481216,2018-11-10T00:45:00Z,9000,149,273,16,Grand Theft Auto V,https://sullygnome.com/channel/stream/31172481216
31176374832,2018-11-10T06:15:00Z,900,55,71,0,Just Chatting,https://sullygnome.com/channel/stream/31176374832
31177023680,2018-11-10T07:45:00Z,5400,117,166,0,Unlisted on Twitch,https://sullygnome.com/channel/stream/31177023680
31188590368,2018-11-11T00:00:00Z,11700,76,108,11,"Just Chatting, Beauty &amp; Body Art, Unlisted on Twitch, IRL",https://sullygnome.com/channel/stream/31188590368
31206516352,2018-11-12T03:00:00Z,13500,88,107,3,Just Chatting,https://sullygnome.com/channel/stream/31206516352
31217063680,2018-11-12T22:45:00Z,19800,138,217,29,Grand Theft Auto V,https://sullygnome.com/channel/stream/31217063680
31227911456,2018-11-13T20:45:00Z,19800,155,246,38,Grand Theft Auto V,https://sullygnome.com/channel/stream/31227911456
31242733552,2018-11-14T23:15:00Z,8100,84,118,-1,"Unlisted on Twitch, Beauty &amp; Body Art, Beauty, Just Chatting",https://sullygnome.com/channel/stream/31242733552
31266909376,2018-11-16T20:45:00Z,10800,82,93,2,IRL,https://sullygnome.com/channel/stream/31266909376
31269643536,2018-11-17T00:15:00Z,5400,78,101,5,Just Chatting,https://sullygnome.com/channel/stream/31269643536
31271448576,2018-11-17T02:15:00Z,0,98,98,0,Unlisted on Twitch,https://sullygnome.com/channel/stream/31271448576
31271485472,2018-11-17T03:15:00Z,5400,68,82,-2,Just Chatting,https://sullygnome.com/channel/stream/31271485472
31300708256,2018-11-18T21:30:00Z,26100,182,289,63,"Grand Theft Auto V, Fallout 76",https://sullygnome.com/channel/stream/31300708256
31313537600,2018-11-19T20:30:00Z,17100,74,179,44,Grand Theft Auto V,https://sullygnome.com/channel/stream/31313537600
31317598720,2018-11-20T01:45:00Z,3600,99,179,5,Grand Theft Auto V,https://sullygnome.com/channel/stream/31317598720
31318568672,2018-11-20T03:15:00Z,0,112,112,0,Grand Theft Auto V,https://sullygnome.com/channel/stream/31318568672
31326850080,2018-11-20T20:00:00Z,21600,96,116,38,"Grand Theft Auto V, Just Chatting",https://sullygnome.com/channel/stream/31326850080
31342033360,2018-11-21T21:00:00Z,20700,76,132,7,"Grand Theft Auto V, Just Chatting, Unlisted on Twitch",https://sullygnome.com/channel/stream/31342033360
31370027776,2018-11-23T21:30:00Z,9000,69,97,-2,Just Chatting,https://sullygnome.com/channel/stream/31370027776
31403848832,2018-11-25T21:15:00Z,14400,154,214,14,Grand Theft Auto V,https://sullygnome.com/channel/stream/31403848832
31414921152,2018-11-26T19:15:00Z,0,83,91,8,Grand Theft Auto V,https://sullygnome.com/channel/stream/31414921152
31415675312,2018-11-26T19:45:00Z,20700,131,187,33,"Grand Theft Auto V, Rust",https://sullygnome.com/channel/stream/31415675312
31433003632,2018-11-27T22:15:00Z,5400,58,84,2,Grand Theft Auto V,https://sullygnome.com/channel/stream/31433003632
31434673312,2018-11-28T00:15:00Z,0,50,50,0,Grand Theft Auto V,https://sullygnome.com/channel/stream/31434673312
31436347024,2018-11-28T02:15:00Z,8100,76,107,12,"Grand Theft Auto V, Just Chatting",https://sullygnome.com/channel/stream/31436347024
31450345664,2018-11-29T03:30:00Z,25200,70,143,10,"IRL, Just Chatting",https://sullygnome.com/channel/stream/31450345664
31461146336,2018-11-30T00:30:00Z,15300,72,104,-4,"Just Chatting, Grand Theft Auto V",https://sullygnome.com/channel/stream/31461146336
31471726320,2018-11-30T20:45:00Z,41400,123,271,38,"Grand Theft Auto V, Identity",https://sullygnome.com/channel/stream/31471726320
31492883936,2018-12-02T00:45:00Z,15300,88,116,4,Just Chatting,https://sullygnome.com/channel/stream/31492883936
31507582720,2018-12-02T21:20:25Z,51900,193,381,49,"Grand Theft Auto V, Identity, Just Chatting",https://sullygnome.com/channel/stream/31507582720
31521518992,2018-12-03T22:12:01Z,2880,58,113,8,Grand Theft Auto V,https://sullygnome.com/channel/stream/31521518992
31522384048,2018-12-03T23:21:40Z,51840,166,241,64,"Grand Theft Auto V, Just Chatting",https://sullygnome.com/channel/stream/31522384048
31536890464,2018-12-05T00:46:34Z,8940,70,160,5,Grand Theft Auto V,https://sullygnome.com/channel/stream/31536890464
31546956528,2018-12-05T20:15:00Z,8100,81,113,12,Grand Theft Auto V,https://sullygnome.com/channel/stream/31546956528
31561533552,2018-12-06T21:32:16Z,32280,110,167,19,"Grand Theft Auto V, The Game Awards",https://sullygnome.com/channel/stream/31561533552
31576727776,2018-12-07T23:33:15Z,10620,64,83,0,"Just Chatting, Dead by Daylight",https://sullygnome.com/channel/stream/31576727776
31590699968,2018-12-08T20:45:00Z,34200,131,273,44,Star Citizen,https://sullygnome.com/channel/stream/31590699968
31610382208,2018-12-09T23:56:57Z,9240,62,115,4,"Dead by Daylight, Just Chatting",https://sullygnome.com/channel/stream/31610382208
31612453920,2018-12-10T02:56:51Z,2940,94,98,-1,Just Chatting,https://sullygnome.com/channel/stream/31612453920
31622714736,2018-12-10T23:02:16Z,28680,87,130,7,Star Citizen,https://sullygnome.com/channel/stream/31622714736
31634830016,2018-12-11T21:34:24Z,7860,74,89,3,"Grand Theft Auto V, Star Citizen",https://sullygnome.com/channel/stream/31634830016
31636896848,2018-12-12T00:19:59Z,13260,72,99,-1,Star Citizen,https://sullygnome.com/channel/stream/31636896848
31646148176,2018-12-12T18:58:03Z,28020,89,112,13,Grand Theft Auto V,https://sullygnome.com/channel/stream/31646148176
31663789024,2018-12-14T01:45:00Z,16200,79,101,6,Just Chatting,https://sullygnome.com/channel/stream/31663789024
31666543456,2018-12-14T06:45:00Z,2700,63,82,0,Just Chatting,https://sullygnome.com/channel/stream/31666543456
31675196368,2018-12-14T22:28:45Z,4620,61,76,1,Grand Theft Auto V,https://sullygnome.com/channel/stream/31675196368
31692221136,2018-12-15T22:21:38Z,15840,129,160,12,"Grand Theft Auto V, Warframe",https://sullygnome.com/channel/stream/31692221136
31733852800,2018-12-18T19:30:00Z,22500,93,173,15,Grand Theft Auto V,https://sullygnome.com/channel/stream/31733852800
31749697184,2018-12-20T00:47:33Z,10680,81,140,6,"Grand Theft Auto V, Just Chatting",https://sullygnome.com/channel/stream/31749697184
31780320800,2018-12-21T23:25:11Z,6600,103,122,3,Grand Theft Auto V,https://sullygnome.com/channel/stream/31780320800
31783814416,2018-12-22T03:43:06Z,9120,43,50,0,"Grand Theft Auto V, Atlas",https://sullygnome.com/channel/stream/31783814416
31828206560,2018-12-24T22:32:56Z,12480,95,166,8,Just Chatting,https://sullygnome.com/channel/stream/31828206560
31864630160,2018-12-27T05:35:28Z,1500,35,45,1,Just Chatting,https://sullygnome.com/channel/stream/31864630160
31865005824,2018-12-27T06:30:00Z,900,33,45,1,Just Chatting,https://sullygnome.com/channel/stream/31865005824
31876609232,2018-12-27T23:04:01Z,19560,113,229,19,Grand Theft Auto V,https://sullygnome.com/channel/stream/31876609232
31892908064,2018-12-28T21:56:08Z,21840,80,171,26,Grand Theft Auto V,https://sullygnome.com/channel/stream/31892908064
31911178592,2018-12-30T04:24:32Z,25560,103,171,58,"Grand Theft Auto V, Just Chatting",https://sullygnome.com/channel/stream/31911178592
31978240128,2019-01-02T22:15:09Z,21600,88,118,25,Grand Theft Auto V,https://sullygnome.com/channel/stream/31978240128
31996182208,2019-01-03T22:46:25Z,21540,98,198,19,Grand Theft Auto V,https://sullygnome.com/channel/stream/31996182208
32014196064,2019-01-04T22:44:07Z,9960,85,104,4,"Grand Theft Auto V, Just Chatting",https://sullygnome.com/channel/stream/32014196064
32019822384,2019-01-05T04:35:22Z,10500,57,74,5,Grand Theft Auto V,https://sullygnome.com/channel/stream/32019822384
32038531504,2019-01-06T03:54:15Z,10260,56,68,2,Grand Theft Auto V,https://sullygnome.com/channel/stream/32038531504
32065336016,2019-01-07T19:27:29Z,32580,106,144,8,"Just Chatting, Grand Theft Auto V",https://sullygnome.com/channel/stream/32065336016
32080210336,2019-01-08T19:04:44Z,27660,99,157,24,Grand Theft Auto V,https://sullygnome.com/channel/stream/32080210336
32096396976,2019-01-09T20:09:04Z,21960,131,189,22,Grand Theft Auto V,https://sullygnome.com/channel/stream/32096396976
32111427616,2019-01-10T20:30:00Z,10800,73,102,2,"Grand Theft Auto V, Just Chatting",https://sullygnome.com/channel/stream/32111427616
32116863184,2019-01-11T02:37:46Z,12180,50,65,1,Just Chatting,https://sullygnome.com/channel/stream/32116863184
32147288768,2019-01-12T21:00:00Z,41400,97,255,17,Just Chatting,https://sullygnome.com/channel/stream/32147288768
32182906672,2019-01-14T19:52:24Z,13980,84,118,3,"Grand Theft Auto V, Just Chatting",https://sullygnome.com/channel/stream/32182906672
32197860016,2019-01-15T19:15:00Z,17100,82,118,25,Grand Theft Auto V,https://sullygnome.com/channel/stream/32197860016
32204615920,2019-01-16T02:45:00Z,10800,79,129,8,"Grand Theft Auto V, Just Chatting",https://sullygnome.com/channel/stream/32204615920
32215001504,2019-01-16T20:44:23Z,29760,131,173,36,Grand Theft Auto V,https://sullygnome.com/channel/stream/32215001504
32229211632,2019-01-17T19:17:21Z,12480,39,54,1,"Mortal Kombat 11, Just Chatting",https://sullygnome.com/channel/stream/32229211632
32245783520,2019-01-19T00:19:19Z,4260,92,148,13,"Grand Theft Auto V, Mortal Kombat 11, Just Chatting",https://sullygnome.com/channel/stream/32245783520
32293191008,2019-01-21T00:36:16Z,11340,74,91,2,Just Chatting,https://sullygnome.com/channel/stream/32293191008
32306106480,2019-01-21T19:19:02Z,24060,103,199,27,"Grand Theft Auto V, Just Chatting",https://sullygnome.com/channel/stream/32306106480
32322488352,2019-01-22T19:01:30Z,5340,56,80,4,"Just Chatting, Grand Theft Auto V",https://sullygnome.com/channel/stream/32322488352
32323973520,2019-01-22T20:40:36Z,6600,94,142,5,Grand Theft Auto V,https://sullygnome.com/channel/stream/32323973520
32328680064,2019-01-23T01:44:04Z,13560,91,118,10,Grand Theft Auto V,https://sullygnome.com/channel/stream/32328680064
32339132256,2019-01-23T19:34:37Z,40260,129,237,36,"Grand Theft Auto V, Just Chatting",https://sullygnome.com/channel/stream/32339132256
32356713040,2019-01-24T21:03:17Z,13320,74,178,7,Just Chatting,https://sullygnome.com/channel/stream/32356713040
32372597520,2019-01-25T19:37:31Z,23880,121,189,30,Grand Theft Auto V,https://sullygnome.com/channel/stream/32372597520
32422649728,2019-01-28T03:07:40Z,14880,85,121,14,"Grand Theft Auto V, Just Chatting",https://sullygnome.com/channel/stream/32422649728
32431743392,2019-01-28T19:29:23Z,17160,109,135,9,Grand Theft Auto V,https://sullygnome.com/channel/stream/32431743392
32436658832,2019-01-29T00:47:08Z,17880,102,123,16,"Grand Theft Auto V, Just Chatting",https://sullygnome.com/channel/stream/32436658832
32448254496,2019-01-29T19:01:56Z,23340,108,149,20,"Grand Theft Auto V, Just Chatting",https://sullygnome.com/channel/stream/32448254496
32466909184,2019-01-30T19:33:39Z,43020,103,165,24,"Just Chatting, Grand Theft Auto V",https://sullygnome.com/channel/stream/32466909184
32485017600,2019-01-31T20:59:13Z,12660,92,129,8,Just Chatting,https://sullygnome.com/channel/stream/32485017600
32506531520,2019-02-02T01:45:33Z,7200,154,203,2,Grand Theft Auto V,https://sullygnome.com/channel/stream/32506531520
32549748752,2019-02-04T05:11:12Z,11940,107,178,17,"Grand Theft Auto V, Just Chatting",https://sullygnome.com/channel/stream/32549748752
32557658560,2019-02-04T20:02:34Z,34080,90,152,3,"Grand Theft Auto V, Just Chatting",https://sullygnome.com/channel/stream/32557658560
32574213648,2019-02-05T20:45:00Z,7200,79,104,4,Grand Theft Auto V,https://sullygnome.com/channel/stream/32574213648
32579522928,2019-02-06T02:26:39Z,11040,62,78,3,Just Chatting,https://sullygnome.com/channel/stream/32579522928
32590834704,2019-02-06T21:09:54Z,14760,80,119,4,Just Chatting,https://sullygnome.com/channel/stream/32590834704
32594945024,2019-02-07T01:54:32Z,4860,93,119,2,Just Chatting,https://sullygnome.com/channel/stream/32594945024
32598089472,2019-02-07T06:20:24Z,6000,146,245,14,Just Chatting,https://sullygnome.com/channel/stream/32598089472
32609092240,2019-02-07T23:09:03Z,12960,101,139,1,Just Chatting,https://sullygnome.com/channel/stream/32609092240
32622879104,2019-02-08T19:47:42Z,27780,147,305,36,"Grand Theft Auto V, Just Chatting",https://sullygnome.com/channel/stream/32622879104
32685279392,2019-02-11T20:30:18Z,28800,91,126,0,"Grand Theft Auto V, Just Chatting",https://sullygnome.com/channel/stream/32685279392
32700431248,2019-02-12T19:11:27Z,16440,87,128,18,Grand Theft Auto V,https://sullygnome.com/channel/stream/32700431248
32707789744,2019-02-13T03:00:00Z,19800,88,181,22,"Just Chatting, VRChat",https://sullygnome.com/channel/stream/32707789744
32718407392,2019-02-13T20:15:48Z,10800,91,152,1,"Grand Theft Auto V, Just Chatting",https://sullygnome.com/channel/stream/32718407392
32734924704,2019-02-14T22:38:39Z,16620,87,123,11,"Grand Theft Auto V, Just Chatting",https://sullygnome.com/channel/stream/32734924704
32739436208,2019-02-15T04:48:37Z,26820,130,200,19,VRChat,https://sullygnome.com/channel/stream/32739436208
32751080288,2019-02-15T22:45:00Z,21600,92,249,19,"Just Chatting, Far Cry New Dawn, VRChat",https://sullygnome.com/channel/stream/32751080288
32777852352,2019-02-17T07:45:00Z,0,42,42,0,Just Chatting,https://sullygnome.com/channel/stream/32777852352
32806225040,2019-02-18T21:15:26Z,14400,99,160,19,"Grand Theft Auto V, Just Chatting, VRChat",https://sullygnome.com/channel/stream/32806225040
32812931120,2019-02-19T05:02:56Z,11580,54,70,2,"VRChat, Just Chatting",https://sullygnome.com/channel/stream/32812931120
32821680000,2019-02-19T20:36:20Z,27540,149,346,40,Grand Theft Auto V,https://sullygnome.com/channel/stream/32821680000
32837816864,2019-02-20T20:37:45Z,23880,158,340,52,Grand Theft Auto V,https://sullygnome.com/channel/stream/32837816864
32854234784,2019-02-21T21:17:18Z,16080,98,172,9,Grand Theft Auto V,https://sullygnome.com/channel/stream/32854234784
32858364576,2019-02-22T02:02:54Z,8880,128,147,4,Just Chatting,https://sullygnome.com/channel/stream/32858364576
32870797616,2019-02-22T21:55:12Z,20100,102,131,17,"Grand Theft Auto V, Just Chatting",https://sullygnome.com/channel/stream/32870797616
32895436896,2019-02-24T03:11:35Z,32640,112,375,30,Just Chatting,https://sullygnome.com/channel/stream/32895436896
32910109232,2019-02-24T22:10:37Z,12900,107,134,1,Grand Theft Auto V,https://sullygnome.com/channel/stream/32910109232
32923842048,2019-02-25T21:12:36Z,25380,96,140,22,Grand Theft Auto V,https://sullygnome.com/channel/stream/32923842048
32937738944,2019-02-26T20:25:56Z,7500,78,101,6,Grand Theft Auto V,https://sullygnome.com/channel/stream/32937738944
32939487120,2019-02-26T22:32:52Z,19680,90,114,3,Grand Theft Auto V,https://sullygnome.com/channel/stream/32939487120
32958766592,2019-02-28T03:49:40Z,9660,64,83,2,Just Chatting,https://sullygnome.com/channel/stream/32958766592
32967413648,2019-02-28T19:47:43Z,35880,103,171,23,"Grand Theft Auto V, Just Chatting",https://sullygnome.com/channel/stream/32967413648
32982805296,2019-03-01T20:13:54Z,23520,66,78,1,"Grand Theft Auto V, Unlisted on Twitch, Just Chatting",https://sullygnome.com/channel/stream/32982805296
33008882400,2019-03-03T03:57:07Z,19980,71,92,10,Just Chatting,https://sullygnome.com/channel/stream/33008882400
33027129456,2019-03-04T03:15:41Z,10800,65,87,5,"Grand Theft Auto V, Just Chatting",https://sullygnome.com/channel/stream/33027129456
33039982112,2019-03-05T00:07:05Z,13080,146,262,9,Grand Theft Auto V,https://sullygnome.com/channel/stream/33039982112
33050126528,2019-03-05T18:12:36Z,23580,227,393,47,"Grand Theft Auto V, Just Chatting",https://sullygnome.com/channel/stream/33050126528
33055864000,2019-03-06T00:54:33Z,4860,115,128,2,Grand Theft Auto V,https://sullygnome.com/channel/stream/33055864000
33066962384,2019-03-06T20:15:03Z,33300,158,287,43,Grand Theft Auto V,https://sullygnome.com/channel/stream/33066962384
33081835440,2019-03-07T20:09:20Z,21960,145,200,13,Grand Theft Auto V,https://sullygnome.com/channel/stream/33081835440
33096807872,2019-03-08T19:35:20Z,15900,139,177,14,Grand Theft Auto V,https://sullygnome.com/channel/stream/33096807872
33116279920,2019-03-09T19:32:36Z,17880,124,161,18,Grand Theft Auto V,https://sullygnome.com/channel/stream/33116279920
33127430864,2019-03-10T08:30:00Z,0,42,42,0,Just Chatting,https://sullygnome.com/channel/stream/33127430864
33150425936,2019-03-11T18:15:03Z,41400,180,798,298,Grand Theft Auto V,https://sullygnome.com/channel/stream/33150425936
33165134080,2019-03-12T17:50:35Z,42900,173,409,174,Grand Theft Auto V,https://sullygnome.com/channel/stream/33165134080
33179749312,2019-03-13T17:13:12Z,50520,222,867,894,Grand Theft Auto V,https://sullygnome.com/channel/stream/33179749312
33195896816,2019-03-14T19:15:00Z,32400,2355,9976,2395,Grand Theft Auto V,https://sullygnome.com/channel/stream/33195896816
33210309696,2019-03-15T20:50:14Z,22200,850,1459,1260,"Grand Theft Auto V, Just Chatting",https://sullygnome.com/channel/stream/33210309696
33235194688,2019-03-16T23:51:29Z,38340,689,1302,912,Grand Theft Auto V,https://sullygnome.com/channel/stream/33235194688
33256942000,2019-03-18T04:17:05Z,18780,952,1722,803,Grand Theft Auto V,https://sullygnome.com/channel/stream/33256942000
33263566640,2019-03-18T18:25:57Z,30000,837,1550,682,Grand Theft Auto V,https://sullygnome.com/channel/stream/33263566640
33279518800,2019-03-19T19:38:20Z,2220,305,465,63,Grand Theft Auto V,https://sullygnome.com/channel/stream/33279518800
33280770800,2019-03-19T20:58:25Z,26220,799,2280,1060,"Grand Theft Auto V, Just Chatting",https://sullygnome.com/channel/stream/33280770800
33293632352,2019-03-20T18:50:10Z,18600,1151,2464,1400,Grand Theft Auto V,https://sullygnome.com/channel/stream/33293632352
33300900272,2019-03-21T03:32:15Z,17880,2168,3497,898,"Grand Theft Auto V, Just Chatting",https://sullygnome.com/channel/stream/33300900272
33308228560,2019-03-21T18:54:22Z,21960,1119,2135,656,"Grand Theft Auto V, Just Chatting",https://sullygnome.com/channel/stream/33308228560
33326621520,2019-03-22T21:35:54Z,38400,1580,6593,1173,Grand Theft Auto V,https://sullygnome.com/channel/stream/33326621520
33367311360,2019-03-24T23:38:01Z,20220,885,1611,492,Grand Theft Auto V,https://sullygnome.com/channel/stream/33367311360
33377429776,2019-03-25T18:19:21Z,53760,1619,3770,2134,Grand Theft Auto V,https://sullygnome.com/channel/stream/33377429776
33394680240,2019-03-26T20:30:00Z,32400,855,1337,591,Grand Theft Auto V,https://sullygnome.com/channel/stream/33394680240
33408738016,2019-03-27T18:50:40Z,43800,1957,4995,1900,"Grand Theft Auto V, Just Chatting",https://sullygnome.com/channel/stream/33408738016
33427666128,2019-03-28T23:25:59Z,21900,996,1888,725,Grand Theft Auto V,https://sullygnome.com/channel/stream/33427666128
33437609168,2019-03-29T17:26:07Z,24540,2253,6330,1363,Grand Theft Auto V,https://sullygnome.com/channel/stream/33437609168
33480691712,2019-03-31T23:30:00Z,27000,1344,2546,1432,Grand Theft Auto V,https://sullygnome.com/channel/stream/33480691712
33491280528,2019-04-01T18:52:06Z,47280,1826,3086,2357,Grand Theft Auto V,https://sullygnome.com/channel/stream/33491280528
33506515936,2019-04-02T19:45:00Z,19800,2010,4313,984,Grand Theft Auto V,https://sullygnome.com/channel/stream/33506515936
33522504096,2019-04-03T21:11:49Z,19140,1511,1879,406,Grand Theft Auto V,https://sullygnome.com/channel/stream/33522504096
33539562224,2019-04-05T00:56:09Z,25440,4792,22046,2840,Grand Theft Auto V,https://sullygnome.com/channel/stream/33539562224
33549925056,2019-04-05T19:42:27Z,26280,1916,2549,880,Grand Theft Auto V,https://sullygnome.com/channel/stream/33549925056
33557099728,2019-04-06T04:00:03Z,17100,906,1144,130,Just Chatting,https://sullygnome.com/channel/stream/33557099728
33592141536,2019-04-08T04:32:12Z,10680,2759,4360,538,Grand Theft Auto V,https://sullygnome.com/channel/stream/33592141536
33599387024,2019-04-08T19:21:33Z,34740,1894,3053,1183,"Grand Theft Auto V, Hunt Down the Freeman",https://sullygnome.com/channel/stream/33599387024
33612681152,2019-04-09T18:32:05Z,47580,2204,3329,1392,Grand Theft Auto V,https://sullygnome.com/channel/stream/33612681152
33629830512,2019-04-10T22:30:55Z,14400,1619,2293,314,Grand Theft Auto V,https://sullygnome.com/channel/stream/33629830512
33641436176,2019-04-11T19:25:53Z,56100,1341,3129,772,"Grand Theft Auto V, Just Chatting",https://sullygnome.com/channel/stream/33641436176
33657952624,2019-04-12T21:30:59Z,29700,2278,3371,1536,Grand Theft Auto V,https://sullygnome.com/channel/stream/33657952624
33676079312,2019-04-13T21:30:00Z,23400,4349,13061,3047,Grand Theft Auto V,https://sullygnome.com/channel/stream/33676079312
33709938448,2019-04-15T23:15:00Z,21600,2880,4423,1560,Grand Theft Auto V,https://sullygnome.com/channel/stream/33709938448
33722882704,2019-04-16T20:39:25Z,34560,2911,4116,1562,"Grand Theft Auto V, Just Chatting",https://sullygnome.com/channel/stream/33722882704
33740128880,2019-04-17T23:29:33Z,27060,2954,3776,1203,Grand Theft Auto V,https://sullygnome.com/channel/stream/33740128880
33754101120,2019-04-18T22:15:36Z,17100,2650,3702,603,Grand Theft Auto V,https://sullygnome.com/channel/stream/33754101120
33766383152,2019-04-19T17:43:24Z,23520,2958,3893,812,Grand Theft Auto V,https://sullygnome.com/channel/stream/33766383152
33817569040,2019-04-22T21:28:07Z,23520,3184,5343,845,"Just Chatting, Grand Theft Auto V",https://sullygnome.com/channel/stream/33817569040
33823234064,2019-04-23T06:22:49Z,13980,1698,2752,308,Grand Theft Auto V,https://sullygnome.com/channel/stream/33823234064
33830543472,2019-04-23T20:00:04Z,26100,1747,3462,367,"Grand Theft Auto V, Mortal Kombat 11",https://sullygnome.com/channel/stream/33830543472
33843604496,2019-04-24T18:44:05Z,26160,2502,3321,661,Grand Theft Auto V,https://sullygnome.com/channel/stream/33843604496
33850999120,2019-04-25T05:09:50Z,10260,1741,2672,299,Grand Theft Auto V,https://sullygnome.com/channel/stream/33850999120
33861441200,2019-04-25T23:33:13Z,34020,3009,8052,1543,Grand Theft Auto V,https://sullygnome.com/channel/stream/33861441200
33873713248,2019-04-26T21:07:49Z,44580,1939,4289,703,"Grand Theft Auto V, Just Chatting",https://sullygnome.com/channel/stream/33873713248
33918301584,2019-04-29T20:44:30Z,51360,2440,4314,1396,"Just Chatting, Grand Theft Auto V",https://sullygnome.com/channel/stream/33918301584
33932576368,2019-04-30T22:48:07Z,20520,2066,3440,383,"Grand Theft Auto V, FINAL FANTASY XIV ONLINE, MORDHAU",https://sullygnome.com/channel/stream/33932576368
33945260640,2019-05-01T21:45:00Z,36000,3779,7574,1873,Grand Theft Auto V,https://sullygnome.com/channel/stream/33945260640
33959391376,2019-05-02T23:40:25Z,25500,2286,4650,528,Grand Theft Auto V,https://sullygnome.com/channel/stream/33959391376
33973519008,2019-05-04T00:37:38Z,14880,2701,3484,307,Grand Theft Auto V,https://sullygnome.com/channel/stream/33973519008
34015056656,2019-05-06T20:18:33Z,38520,3774,9151,3044,Grand Theft Auto V,https://sullygnome.com/channel/stream/34015056656
34026857024,2019-05-07T20:17:13Z,43080,3570,5031,1968,Grand Theft Auto V,https://sullygnome.com/channel/stream/34026857024
34039636544,2019-05-08T20:57:13Z,15480,3703,5106,600,Grand Theft Auto V,https://sullygnome.com/channel/stream/34039636544
34044174816,2019-05-09T04:27:53Z,11880,2844,3643,531,Grand Theft Auto V,https://sullygnome.com/channel/stream/34044174816
34053038944,2019-05-09T22:30:00Z,22500,3147,4884,924,Grand Theft Auto V,https://sullygnome.com/channel/stream/34053038944
34065764080,2019-05-10T22:24:00Z,27360,3260,4710,829,Grand Theft Auto V,https://sullygnome.com/channel/stream/34065764080
34098080560,2019-05-13T00:28:43Z,31620,3914,5222,1575,Grand Theft Auto V,https://sullygnome.com/channel/stream/34098080560
34109073952,2019-05-13T23:15:00Z,20700,1491,2881,275,"Grand Theft Auto V, MORDHAU",https://sullygnome.com/channel/stream/34109073952
34121224208,2019-05-14T23:14:20Z,34260,2615,4926,1093,"Grand Theft Auto V, League of Legends, Just Chatting",https://sullygnome.com/channel/stream/34121224208
34131724240,2019-05-15T21:01:51Z,17040,3118,4568,664,Grand Theft Auto V,https://sullygnome.com/channel/stream/34131724240
34135661072,2019-05-16T03:12:39Z,10080,1965,2991,222,Grand Theft Auto V,https://sullygnome.com/channel/stream/34135661072
34142983728,2019-05-16T20:05:54Z,24900,3404,4963,620,Grand Theft Auto V,https://sullygnome.com/channel/stream/34142983728
34155387168,2019-05-17T20:02:19Z,22380,1434,1901,159,"Grand Theft Auto V, Just Chatting, Getting Over It with Bennett Foddy, Jump King",https://sullygnome.com/channel/stream/34155387168
34199181968,2019-05-20T20:14:40Z,31560,3561,5448,806,Grand Theft Auto V,https://sullygnome.com/channel/stream/34199181968
34211440080,2019-05-21T20:15:00Z,41400,2766,4045,1118,Grand Theft Auto V,https://sullygnome.com/channel/stream/34211440080
34224160992,2019-05-22T20:08:31Z,26520,4183,6600,956,Grand Theft Auto V,https://sullygnome.com/channel/stream/34224160992
34237299328,2019-05-23T20:21:41Z,32940,3334,5048,667,Grand Theft Auto V,https://sullygnome.com/channel/stream/34237299328
34250815632,2019-05-24T20:12:53Z,24480,2222,3860,279,"Just Chatting, Jump King, Grand Theft Auto V",https://sullygnome.com/channel/stream/34250815632
34297346512,2019-05-27T20:15:16Z,24300,3671,4337,431,Grand Theft Auto V,https://sullygnome.com/channel/stream/34297346512
34311096128,2019-05-28T20:30:00Z,31500,3126,4330,718,Grand Theft Auto V,https://sullygnome.com/channel/stream/34311096128
34325317776,2019-05-29T20:50:40Z,15000,3222,5366,246,Grand Theft Auto V,https://sullygnome.com/channel/stream/34325317776
34338940240,2019-05-30T20:27:04Z,33480,3285,5191,667,Grand Theft Auto V,https://sullygnome.com/channel/stream/34338940240
34352343088,2019-05-31T20:06:45Z,27540,3423,5196,618,"Grand Theft Auto V, Just Chatting",https://sullygnome.com/channel/stream/34352343088
34393006352,2019-06-03T20:09:08Z,35460,2672,3818,377,Grand Theft Auto V,https://sullygnome.com/channel/stream/34393006352
34405520128,2019-06-04T20:30:00Z,16200,2680,4123,226,Grand Theft Auto V,https://sullygnome.com/channel/stream/34405520128
34408614128,2019-06-05T01:45:00Z,14400,3243,4314,311,Grand Theft Auto V,https://sullygnome.com/channel/stream/34408614128
34418099216,2019-06-05T20:29:31Z,34260,3842,4904,649,Grand Theft Auto V,https://sullygnome.com/channel/stream/34418099216
34430154400,2019-06-06T20:10:05Z,27300,2925,4785,639,Grand Theft Auto V,https://sullygnome.com/channel/stream/34430154400
34444010416,2019-06-07T22:01:31Z,39540,2363,4105,724,"Grand Theft Auto V, Just Chatting",https://sullygnome.com/channel/stream/34444010416
34493359792,2019-06-11T20:07:49Z,9480,1979,2720,43,Grand Theft Auto V,https://sullygnome.com/channel/stream/34493359792
34518452256,2019-06-13T20:38:32Z,27420,2050,2673,114,Just Chatting,https://sullygnome.com/channel/stream/34518452256
34569044240,2019-06-17T20:08:27Z,31920,2578,3524,402,Grand Theft Auto V,https://sullygnome.com/channel/stream/34569044240
34581354656,2019-06-18T20:30:00Z,27000,2940,4253,419,Grand Theft Auto V,https://sullygnome.com/channel/stream/34581354656
34593593072,2019-06-19T20:17:11Z,52980,3211,7630,903,Grand Theft Auto V,https://sullygnome.com/channel/stream/34593593072
34606440608,2019-06-20T20:27:33Z,35280,2420,2856,422,Grand Theft Auto V,https://sullygnome.com/channel/stream/34606440608
34618743552,2019-06-21T20:20:01Z,34800,2967,3692,541,Grand Theft Auto V,https://sullygnome.com/channel/stream/34618743552
34656647968,2019-06-24T20:30:00Z,36000,3770,5276,880,Grand Theft Auto V,https://sullygnome.com/channel/stream/34656647968
34669239184,2019-06-25T20:29:35Z,29760,3922,6104,862,Grand Theft Auto V,https://sullygnome.com/channel/stream/34669239184
34681284736,2019-06-26T20:06:59Z,22140,3183,4669,322,Grand Theft Auto V,https://sullygnome.com/channel/stream/34681284736
34687574960,2019-06-27T07:49:56Z,6960,4834,7301,273,Grand Theft Auto V,https://sullygnome.com/channel/stream/34687574960
34693773840,2019-06-27T20:24:18Z,35460,3071,4066,530,Grand Theft Auto V,https://sullygnome.com/channel/stream/34693773840
34706216752,2019-06-28T20:44:50Z,15360,3038,3691,194,Grand Theft Auto V,https://sullygnome.com/channel/stream/34706216752
34743563632,2019-07-01T20:09:23Z,24660,3291,4277,301,Grand Theft Auto V,https://sullygnome.com/channel/stream/34743563632
34792750144,2019-07-05T20:45:00Z,10800,2864,3679,109,Grand Theft Auto V,https://sullygnome.com/channel/stream/34792750144
34817379696,2019-07-07T19:42:12Z,28980,3182,4320,222,Just Chatting,https://sullygnome.com/channel/stream/34817379696
34829878976,2019-07-08T20:09:53Z,21960,3297,4783,244,Grand Theft Auto V,https://sullygnome.com/channel/stream/34829878976
34842482272,2019-07-09T20:30:00Z,10800,2077,2693,37,Grand Theft Auto V,https://sullygnome.com/channel/stream/34842482272
34854803904,2019-07-10T20:03:19Z,33120,2734,3607,275,Grand Theft Auto V,https://sullygnome.com/channel/stream/34854803904
34867416960,2019-07-11T20:15:58Z,10800,2362,3200,51,Grand Theft Auto V,https://sullygnome.com/channel/stream/34867416960
34872097904,2019-07-12T03:40:59Z,19200,2610,7061,332,Grand Theft Auto V,https://sullygnome.com/channel/stream/34872097904
34879874464,2019-07-12T20:13:58Z,26220,1679,3152,127,"Grand Theft Auto V, Just Chatting",https://sullygnome.com/channel/stream/34879874464
34917102880,2019-07-15T20:19:32Z,23160,2568,3551,217,Grand Theft Auto V,https://sullygnome.com/channel/stream/34917102880
34929532560,2019-07-16T20:15:07Z,27000,2055,2771,157,Grand Theft Auto V,https://sullygnome.com/channel/stream/34929532560
34942078592,2019-07-17T20:06:30Z,32040,2547,3936,240,Grand Theft Auto V,https://sullygnome.com/channel/stream/34942078592
34954705168,2019-07-18T20:18:45Z,26820,2135,2691,130,Grand Theft Auto V,https://sullygnome.com/channel/stream/34954705168
34967095664,2019-07-19T20:11:24Z,27240,1366,2209,40,"Grand Theft Auto V, Just Chatting, Super Mario Maker 2",https://sullygnome.com/channel/stream/34967095664
34983409504,2019-07-21T00:14:33Z,27960,2878,5345,342,Grand Theft Auto V,https://sullygnome.com/channel/stream/34983409504
35004914448,2019-07-22T20:06:57Z,50040,3451,5898,685,Grand Theft Auto V,https://sullygnome.com/channel/stream/35004914448
35017714192,2019-07-23T20:39:24Z,31860,1951,2780,148,"Grand Theft Auto V, Unlisted on Twitch, Super Mario Maker 2",https://sullygnome.com/channel/stream/35017714192
35029841520,2019-07-24T20:45:00Z,22500,1589,2582,53,"Grand Theft Auto V, Super Mario Maker 2",https://sullygnome.com/channel/stream/35029841520
35042036016,2019-07-25T20:37:16Z,3180,1031,1349,9,Grand Theft Auto V,https://sullygnome.com/channel/stream/35042036016
35045812304,2019-07-26T02:39:44Z,15660,733,958,29,Just Chatting,https://sullygnome.com/channel/stream/35045812304
35053617760,2019-07-26T20:00:40Z,26100,1627,2275,89,"Grand Theft Auto V, Cooking Simulator",https://sullygnome.com/channel/stream/35053617760
35079837712,2019-07-29T00:00:25Z,14400,3060,4094,233,Grand Theft Auto V,https://sullygnome.com/channel/stream/35079837712
35090009232,2019-07-29T21:01:41Z,29640,2326,3419,269,Grand Theft Auto V,https://sullygnome.com/channel/stream/35090009232
35102735488,2019-07-30T21:15:00Z,27900,2249,3172,180,"Grand Theft Auto V, Super Mario Maker 2",https://sullygnome.com/channel/stream/35102735488
35116115824,2019-07-31T21:24:16Z,16560,1677,2224,48,"Grand Theft Auto V, Super Mario Maker 2",https://sullygnome.com/channel/stream/35116115824
35172178192,2019-08-05T04:40:22Z,21000,2272,3163,292,Grand Theft Auto V,https://sullygnome.com/channel/stream/35172178192
35180241840,2019-08-05T21:09:24Z,8460,2074,2829,44,Grand Theft Auto V,https://sullygnome.com/channel/stream/35180241840
35183863792,2019-08-06T02:44:58Z,14460,2232,2933,223,Grand Theft Auto V,https://sullygnome.com/channel/stream/35183863792
35194427008,2019-08-06T23:18:53Z,17820,1336,2086,91,"Grand Theft Auto V, Super Mario Maker 2",https://sullygnome.com/channel/stream/35194427008
35207582896,2019-08-07T23:44:34Z,15360,2242,2673,242,Grand Theft Auto V,https://sullygnome.com/channel/stream/35207582896
35220019632,2019-08-08T22:53:00Z,19320,2520,3429,160,Grand Theft Auto V,https://sullygnome.com/channel/stream/35220019632
35224021296,2019-08-09T05:52:58Z,10380,2043,5508,186,Grand Theft Auto V,https://sullygnome.com/channel/stream/35224021296
35245863008,2019-08-10T21:47:27Z,14280,2790,4093,146,"Grand Theft Auto V, Just Chatting",https://sullygnome.com/channel/stream/35245863008
35258940400,2019-08-11T21:36:56Z,14940,2197,3207,174,Grand Theft Auto V,https://sullygnome.com/channel/stream/35258940400
35263316128,2019-08-12T05:33:48Z,14220,3250,8826,476,Grand Theft Auto V,https://sullygnome.com/channel/stream/35263316128
35269728400,2019-08-12T19:09:50Z,21960,1889,2825,876,"Grand Theft Auto V, Super Mario Maker 2",https://sullygnome.com/channel/stream/35269728400
35274794064,2019-08-13T02:47:13Z,13380,1701,2538,229,Grand Theft Auto V,https://sullygnome.com/channel/stream/35274794064
35283838048,2019-08-13T21:03:01Z,24120,2129,2737,227,Grand Theft Auto V,https://sullygnome.com/channel/stream/35283838048
35297035056,2019-08-14T21:16:57Z,15240,2661,3644,211,Grand Theft Auto V,https://sullygnome.com/channel/stream/35297035056
35299886816,2019-08-15T02:00:00Z,6300,2348,2574,115,Grand Theft Auto V,https://sullygnome.com/channel/stream/35299886816
35309666592,2019-08-15T21:27:21Z,28080,1949,2457,238,Grand Theft Auto V,https://sullygnome.com/channel/stream/35309666592
35321570928,2019-08-16T21:08:30Z,23820,1677,2617,149,"Grand Theft Auto V, Cooking Simulator",https://sullygnome.com/channel/stream/35321570928
35358515136,2019-08-19T21:04:53Z,45660,2758,5763,797,Grand Theft Auto V,https://sullygnome.com/channel/stream/35358515136
35370321008,2019-08-20T21:15:44Z,36900,2426,3305,393,Grand Theft Auto V,https://sullygnome.com/channel/stream/35370321008
35382139504,2019-08-21T21:37:59Z,28380,2197,3081,309,Grand Theft Auto V,https://sullygnome.com/channel/stream/35382139504
35393387408,2019-08-22T21:18:58Z,22320,2344,3075,222,Grand Theft Auto V,https://sullygnome.com/channel/stream/35393387408
35404992480,2019-08-23T21:09:18Z,21060,1582,2348,83,"Grand Theft Auto V, Getting Over It with Bennett Foddy, 60 Seconds!, egg is broken. heart is too., Outlast",https://sullygnome.com/channel/stream/35404992480
35433765392,2019-08-26T04:16:41Z,11640,930,1137,25,Just Chatting,https://sullygnome.com/channel/stream/35433765392
35456884752,2019-08-28T03:47:05Z,22380,2916,4977,870,Grand Theft Auto V,https://sullygnome.com/channel/stream/35456884752
35464733600,2019-08-28T21:23:13Z,30120,4007,6048,635,Grand Theft Auto V,https://sullygnome.com/channel/stream/35464733600
35476148512,2019-08-29T21:30:00Z,18900,2245,3036,183,Grand Theft Auto V,https://sullygnome.com/channel/stream/35476148512
35487805632,2019-08-30T21:38:58Z,49020,3261,7384,486,"Grand Theft Auto V, Just Chatting",https://sullygnome.com/channel/stream/35487805632
35500234624,2019-08-31T21:35:29Z,15900,1452,2777,83,"Grand Theft Auto V, World of Tanks",https://sullygnome.com/channel/stream/35500234624
35525570432,2019-09-02T23:30:00Z,17100,2810,3694,191,Grand Theft Auto V,https://sullygnome.com/channel/stream/35525570432
35535016800,2019-09-03T21:02:32Z,21480,2103,3397,128,"Grand Theft Auto V, Krunker.io, Just Chatting",https://sullygnome.com/channel/stream/35535016800
35546644224,2019-09-04T22:27:55Z,28080,2354,3110,127,"Grand Theft Auto V, Krunker.io",https://sullygnome.com/channel/stream/35546644224
35556770992,2019-09-05T21:27:44Z,10980,1591,2120,44,"Grand Theft Auto V, Krunker, Dead by Daylight",https://sullygnome.com/channel/stream/35556770992
35560819664,2019-09-06T05:25:23Z,9300,1579,1918,82,Grand Theft Auto V,https://sullygnome.com/channel/stream/35560819664
35568467552,2019-09-06T22:30:00Z,18900,882,1376,2,"Grand Theft Auto V, FINAL FANTASY VIII",https://sullygnome.com/channel/stream/35568467552
35604913648,2019-09-09T21:26:52Z,20940,2087,2842,103,Grand Theft Auto V,https://sullygnome.com/channel/stream/35604913648
35615064720,2019-09-10T21:15:07Z,30600,1186,2087,21,"Grand Theft Auto V, Just Chatting",https://sullygnome.com/channel/stream/35615064720
35625903008,2019-09-11T21:57:16Z,33480,9695,19267,1641,Grand Theft Auto V,https://sullygnome.com/channel/stream/35625903008
35637238384,2019-09-12T23:09:49Z,1260,989,1668,6,Grand Theft Auto V,https://sullygnome.com/channel/stream/35637238384
35637587040,2019-09-12T23:43:31Z,12720,3078,3971,150,Grand Theft Auto V,https://sullygnome.com/channel/stream/35637587040
35647765296,2019-09-13T21:45:00Z,16200,3187,5055,155,Grand Theft Auto V,https://sullygnome.com/channel/stream/35647765296
35675028208,2019-09-16T02:22:02Z,13980,1982,2695,165,Grand Theft Auto V,https://sullygnome.com/channel/stream/35675028208
35682590320,2019-09-16T21:36:51Z,14940,2442,3337,109,Grand Theft Auto V,https://sullygnome.com/channel/stream/35682590320
35685411584,2019-09-17T03:15:00Z,12600,1215,1382,33,Grand Theft Auto V,https://sullygnome.com/channel/stream/35685411584
35693449408,2019-09-17T22:47:35Z,21480,2524,5787,247,Grand Theft Auto V,https://sullygnome.com/channel/stream/35693449408
35703349536,2019-09-18T22:13:42Z,1020,530,919,1,Grand Theft Auto V,https://sullygnome.com/channel/stream/35703349536
35703567008,2019-09-18T22:39:06Z,17460,2852,3834,147,Grand Theft Auto V,https://sullygnome.com/channel/stream/35703567008
35759690112,2019-09-23T21:50:00Z,33000,2090,3340,181,Grand Theft Auto V,https://sullygnome.com/channel/stream/35759690112
35769717696,2019-09-24T22:35:30Z,6900,2167,3039,58,Grand Theft Auto V,https://sullygnome.com/channel/stream/35769717696
35839918176,2019-10-01T18:45:23Z,24300,745,1008,134,"Grand Theft Auto V, Apex Legends, Unlisted on Twitch",https://sullygnome.com/channel/stream/35839918176
35852270336,2019-10-02T23:34:28Z,28560,2938,4374,242,"Grand Theft Auto V, Just Chatting",https://sullygnome.com/channel/stream/35852270336
35861248704,2019-10-03T22:48:57Z,17820,1503,2156,98,"Grand Theft Auto, Krunker.io, Grand Theft Auto V",https://sullygnome.com/channel/stream/35861248704
35882103648,2019-10-05T22:15:00Z,26100,1810,2269,180,Grand Theft Auto V,https://sullygnome.com/channel/stream/35882103648
35892776464,2019-10-06T21:06:56Z,6840,1196,1601,45,"Grand Theft Auto V, Just Chatting",https://sullygnome.com/channel/stream/35892776464
35894714544,2019-10-07T01:05:17Z,24900,2484,5697,427,Grand Theft Auto V,https://sullygnome.com/channel/stream/35894714544
35901686592,2019-10-07T21:27:59Z,37980,2780,3806,497,Grand Theft Auto V,https://sullygnome.com/channel/stream/35901686592
35911652592,2019-10-08T23:11:36Z,14640,2508,3836,164,Grand Theft Auto V,https://sullygnome.com/channel/stream/35911652592
35920720144,2019-10-09T22:37:08Z,21180,2350,3337,148,Grand Theft Auto V,https://sullygnome.com/channel/stream/35920720144
35927613728,2019-10-10T18:10:53Z,28200,2690,3832,342,Grand Theft Auto V,https://sullygnome.com/channel/stream/35927613728
35932562608,2019-10-11T04:37:37Z,2280,1107,1164,11,Grand Theft Auto V,https://sullygnome.com/channel/stream/35932562608
35938572736,2019-10-11T21:17:02Z,27780,1844,3199,204,Grand Theft Auto V,https://sullygnome.com/channel/stream/35938572736
35970012096,2019-10-14T21:25:33Z,21000,2105,3654,218,Grand Theft Auto V,https://sullygnome.com/channel/stream/35970012096
35979529504,2019-10-15T21:08:10Z,27420,1948,3059,164,Grand Theft Auto V,https://sullygnome.com/channel/stream/35979529504
35989300224,2019-10-16T23:43:30Z,15420,2039,2631,127,Grand Theft Auto V,https://sullygnome.com/channel/stream/35989300224
35997879984,2019-10-17T22:50:50Z,29400,1894,2340,187,Grand Theft Auto V,https://sullygnome.com/channel/stream/35997879984
36007900720,2019-10-18T22:57:30Z,12780,1499,2101,43,"Grand Theft Auto V, Poly Bridge",https://sullygnome.com/channel/stream/36007900720
36027417392,2019-10-20T22:16:28Z,32340,2965,4007,370,"Poly Bridge, Grand Theft Auto V",https://sullygnome.com/channel/stream/36027417392
36035487792,2019-10-22T02:43:22Z,21720,2203,3888,514,Grand Theft Auto V,https://sullygnome.com/channel/stream/36035487792
36042282576,2019-10-22T20:37:51Z,13980,2024,2701,72,Grand Theft Auto V,https://sullygnome.com/channel/stream/36042282576
36049614544,2019-10-23T21:00:07Z,15300,2125,2884,81,Grand Theft Auto V,https://sullygnome.com/channel/stream/36049614544
36052628896,2019-10-24T03:43:49Z,15420,1667,2115,154,Grand Theft Auto V,https://sullygnome.com/channel/stream/36052628896
36056844496,2019-10-24T20:50:24Z,15000,2252,4312,67,Grand Theft Auto V,https://sullygnome.com/channel/stream/36056844496
36066308784,2019-10-25T23:17:25Z,4380,1134,1489,21,Grand Theft Auto V,https://sullygnome.com/channel/stream/36066308784
36076787344,2019-10-27T00:21:33Z,5040,1440,1897,56,Grand Theft Auto V,https://sullygnome.com/channel/stream/36076787344
36091346912,2019-10-29T00:51:02Z,14940,2500,3556,217,Grand Theft Auto V,https://sullygnome.com/channel/stream/36091346912
36098908064,2019-10-29T21:24:02Z,29160,1956,2550,148,Grand Theft Auto V,https://sullygnome.com/channel/stream/36098908064
36109296240,2019-10-31T04:04:57Z,8760,1425,1606,25,Just Chatting,https://sullygnome.com/channel/stream/36109296240
36147245568,2019-11-05T01:56:27Z,15540,3117,4438,205,Grand Theft Auto V,https://sullygnome.com/channel/stream/36147245568
36152877664,2019-11-05T22:36:13Z,14040,1343,1615,39,Red Dead Redemption II,https://sullygnome.com/channel/stream/36152877664
36162432704,2019-11-07T03:34:29Z,22260,1779,2118,177,"Grand Theft Auto V, Red Dead Redemption II",https://sullygnome.com/channel/stream/36162432704
36167230928,2019-11-08T00:07:39Z,24780,1086,2154,57,Red Dead Redemption II,https://sullygnome.com/channel/stream/36167230928
36170389536,2019-11-08T10:02:16Z,7080,757,1121,13,Just Chatting,https://sullygnome.com/channel/stream/36170389536
36181159296,2019-11-09T23:30:25Z,12600,1868,2680,87,Grand Theft Auto V,https://sullygnome.com/channel/stream/36181159296
148427297,2019-11-10T03:48:17Z,9720,2119,2490,29,"Grand Theft Auto V, Just Chatting, Red Dead Redemption II",https://sullygnome.com/channel/stream/148427297
36188894064,2019-11-11T01:05:27Z,13200,1543,1978,44,Grand Theft Auto V,https://sullygnome.com/channel/stream/36188894064
36194895968,2019-11-12T00:31:40Z,13440,1859,2591,103,Grand Theft Auto V,https://sullygnome.com/channel/stream/36194895968
36197988800,2019-11-12T06:35:34Z,8700,923,1164,82,"Just Chatting, Red Dead Redemption II",https://sullygnome.com/channel/stream/36197988800
160624145,2019-11-12T21:08:36Z,15720,1157,1661,50,Just Chatting,https://sullygnome.com/channel/stream/160624145
36204452768,2019-11-13T06:13:44Z,10020,1095,1367,53,"Grand Theft Auto V, Just Chatting",https://sullygnome.com/channel/stream/36204452768
36207697808,2019-11-13T22:44:20Z,17160,1854,3126,78,Grand Theft Auto V,https://sullygnome.com/channel/stream/36207697808
36210509552,2019-11-14T04:36:38Z,15840,1371,1829,53,Grand Theft Auto V,https://sullygnome.com/channel/stream/36210509552
36214095424,2019-11-14T22:14:24Z,42360,2031,3342,208,"Grand Theft Auto V, STAR WARS Jedi: Fallen Order™",https://sullygnome.com/channel/stream/36214095424
36243675312,2019-11-18T22:53:48Z,23820,2468,3618,80,"Grand Theft Auto V, Red Dead Redemption II",https://sullygnome.com/channel/stream/36243675312
36247128064,2019-11-19T06:39:32Z,6660,1808,4209,103,Grand Theft Auto V,https://sullygnome.com/channel/stream/36247128064
36247539600,2019-11-19T09:15:00Z,0,965,965,0,Call of Duty: Warzone,https://sullygnome.com/channel/stream/36247539600
36250001424,2019-11-19T22:10:37Z,19200,1698,2376,40,"Grand Theft Auto V, Call of Duty: Warzone",https://sullygnome.com/channel/stream/36250001424
36256423536,2019-11-21T06:13:45Z,6420,2173,3390,203,Grand Theft Auto V,https://sullygnome.com/channel/stream/36256423536
36263537136,2019-11-22T00:35:43Z,11400,1581,2174,30,Grand Theft Auto V,https://sullygnome.com/channel/stream/36263537136
36269110912,2019-11-23T00:34:35Z,23160,1322,1960,51,"Grand Theft Auto V, Old School RuneScape",https://sullygnome.com/channel/stream/36269110912
36277413888,2019-11-23T23:00:54Z,1800,686,858,-6,Grand Theft Auto V,https://sullygnome.com/channel/stream/36277413888
36277691296,2019-11-23T23:40:15Z,30000,1617,2839,104,"Grand Theft Auto V, Age of Empires II, Call of Duty: Warzone",https://sullygnome.com/channel/stream/36277691296
36286353856,2019-11-25T01:44:50Z,12660,1279,1716,0,Just Chatting,https://sullygnome.com/channel/stream/36286353856
36297909520,2019-11-26T22:08:53Z,22020,1633,2135,64,Grand Theft Auto V,https://sullygnome.com/channel/stream/36297909520
36301587232,2019-11-27T06:14:12Z,15360,1600,2451,103,"Grand Theft Auto V, Just Chatting",https://sullygnome.com/channel/stream/36301587232
36305153984,2019-11-27T22:02:09Z,13380,1493,2153,41,Grand Theft Auto V,https://sullygnome.com/channel/stream/36305153984
36311740976,2019-11-28T22:04:54Z,38460,1651,2261,182,Grand Theft Auto V,https://sullygnome.com/channel/stream/36311740976
36317791920,2019-11-29T22:05:44Z,20400,1064,1468,44,"Grand Theft Auto V, Just Chatting, Call of Duty: Warzone",https://sullygnome.com/channel/stream/36317791920
36325537840,2019-11-30T23:46:03Z,26940,1477,2713,112,"Grand Theft Auto V, Pummel Party, Just Chatting",https://sullygnome.com/channel/stream/36325537840
36338096144,2019-12-02T21:51:43Z,41940,1938,2948,2664,"Grand Theft Auto V, Just Chatting",https://sullygnome.com/channel/stream/36338096144
36344364336,2019-12-03T21:51:25Z,17640,1538,2094,50,Grand Theft Auto V,https://sullygnome.com/channel/stream/36344364336
36348119040,2019-12-04T07:33:34Z,19620,1289,1716,75,Grand Theft Auto V,https://sullygnome.com/channel/stream/36348119040
36350455424,2019-12-04T21:10:19Z,30000,1709,2327,99,Grand Theft Auto V,https://sullygnome.com/channel/stream/36350455424
36356035536,2019-12-05T18:11:05Z,10140,1396,1763,26,Grand Theft Auto V,https://sullygnome.com/channel/stream/36356035536
36357519648,2019-12-05T23:27:29Z,23580,1696,2036,133,Grand Theft Auto V,https://sullygnome.com/channel/stream/36357519648
36363556064,2019-12-06T22:20:14Z,44700,1781,2769,157,"Grand Theft Auto V, Just Chatting",https://sullygnome.com/channel/stream/36363556064
36378563936,2019-12-08T22:35:31Z,51900,1936,4322,288,Grand Theft Auto V,https://sullygnome.com/channel/stream/36378563936
36384308176,2019-12-09T22:04:53Z,19560,1778,2357,82,Grand Theft Auto V,https://sullygnome.com/channel/stream/36384308176
36387019504,2019-12-10T04:21:39Z,7740,909,1145,17,"Grand Theft Auto V, Just Chatting",https://sullygnome.com/channel/stream/36387019504
36390173984,2019-12-10T20:37:11Z,12180,1249,1594,54,Grand Theft Auto V,https://sullygnome.com/channel/stream/36390173984
36394533088,2019-12-11T08:20:34Z,5100,1624,2036,58,"Red Dead Redemption II, Grand Theft Auto V",https://sullygnome.com/channel/stream/36394533088
36397340336,2019-12-11T22:34:26Z,24960,1868,2479,113,"Grand Theft Auto V, Just Chatting",https://sullygnome.com/channel/stream/36397340336
36403450288,2019-12-12T21:54:41Z,7560,1290,1856,11,Grand Theft Auto V,https://sullygnome.com/channel/stream/36403450288
36404350064,2019-12-13T00:15:16Z,18000,1728,2304,50,Grand Theft Auto V,https://sullygnome.com/channel/stream/36404350064
36409998512,2019-12-13T22:14:21Z,4560,1473,1728,17,Grand Theft Auto V,https://sullygnome.com/channel/stream/36409998512
36419138064,2019-12-15T01:12:20Z,14580,2219,3319,124,Grand Theft Auto V,https://sullygnome.com/channel/stream/36419138064
36426785824,2019-12-16T05:38:45Z,18420,1934,5055,122,"Grand Theft Auto V, Just Chatting, Totally Accurate Battle Simulator, Human: Fall Flat",https://sullygnome.com/channel/stream/36426785824
36431984992,2019-12-16T23:41:03Z,17340,1670,2232,98,Grand Theft Auto V,https://sullygnome.com/channel/stream/36431984992
36438105440,2019-12-17T22:15:00Z,19800,1582,3486,95,Grand Theft Auto V,https://sullygnome.com/channel/stream/36438105440
36445043648,2019-12-18T22:14:56Z,15360,1435,1901,54,Grand Theft Auto V,https://sullygnome.com/channel/stream/36445043648
36451558912,2019-12-19T22:00:09Z,14400,1945,2955,137,Grand Theft Auto V,https://sullygnome.com/channel/stream/36451558912
36458504304,2019-12-20T22:00:48Z,18000,1546,1853,43,Grand Theft Auto V,https://sullygnome.com/channel/stream/36458504304
36473216880,2019-12-22T21:46:31Z,29640,1635,2358,79,Grand Theft Auto V,https://sullygnome.com/channel/stream/36473216880
36480708512,2019-12-23T22:03:26Z,32220,1601,2729,117,Grand Theft Auto V,https://sullygnome.com/channel/stream/36480708512
36487728608,2019-12-24T20:57:16Z,40680,1635,3727,103,"Grand Theft Auto V, Just Chatting",https://sullygnome.com/channel/stream/36487728608
36502525808,2019-12-27T00:05:40Z,29400,1211,1542,65,"Grand Theft Auto V,  SEKIRO: SHADOWS DIE TWICE",https://sullygnome.com/channel/stream/36502525808
36510127904,2019-12-27T22:34:59Z,21360,1460,2075,51,"Grand Theft Auto V,  SEKIRO: SHADOWS DIE TWICE",https://sullygnome.com/channel/stream/36510127904
36519245152,2019-12-29T00:01:21Z,13440,1259,1662,37,Grand Theft Auto V,https://sullygnome.com/channel/stream/36519245152
36529539744,2019-12-30T03:13:07Z,26220,1859,2750,205,"Grand Theft Auto V, Just Chatting",https://sullygnome.com/channel/stream/36529539744
36535652896,2019-12-30T22:38:41Z,40020,2724,8009,533,Grand Theft Auto V,https://sullygnome.com/channel/stream/36535652896
36553344080,2020-01-01T23:26:03Z,35340,2102,3228,224,"Grand Theft Auto V, Pummel Party, Just Chatting",https://sullygnome.com/channel/stream/36553344080
36561733792,2020-01-02T22:13:27Z,22620,1452,1745,50,"Grand Theft Auto V, Just Chatting",https://sullygnome.com/channel/stream/36561733792
36566155344,2020-01-03T05:32:56Z,26880,2451,4200,227,"Just Chatting, Grand Theft Auto V",https://sullygnome.com/channel/stream/36566155344
36571408800,2020-01-03T22:35:22Z,23100,1180,1399,28,Grand Theft Auto V,https://sullygnome.com/channel/stream/36571408800
36595141152,2020-01-06T04:34:40Z,19560,3139,7380,268,"Grand Theft Auto V, Just Chatting",https://sullygnome.com/channel/stream/36595141152
36600153056,2020-01-06T22:03:31Z,31320,1484,1960,105,Grand Theft Auto V,https://sullygnome.com/channel/stream/36600153056
36609562720,2020-01-07T23:30:49Z,18000,1353,1551,43,Grand Theft Auto V,https://sullygnome.com/channel/stream/36609562720
36617866032,2020-01-08T23:40:42Z,23700,1417,1896,34,"Grand Theft Auto V, Jump King",https://sullygnome.com/channel/stream/36617866032
36624979648,2020-01-09T22:25:29Z,21000,1813,2989,67,Grand Theft Auto V,https://sullygnome.com/channel/stream/36624979648
36628892944,2020-01-10T05:48:55Z,15120,1971,3073,177,"Grand Theft Auto V, Just Chatting",https://sullygnome.com/channel/stream/36628892944
36632922064,2020-01-10T22:30:00Z,16200,1309,1746,26,"Grand Theft Auto V, Just Chatting",https://sullygnome.com/channel/stream/36632922064
36653382592,2020-01-13T01:21:57Z,11340,1234,1561,22,Grand Theft Auto V,https://sullygnome.com/channel/stream/36653382592
36659087488,2020-01-13T22:15:00Z,23400,1901,2278,69,Grand Theft Auto V,https://sullygnome.com/channel/stream/36659087488
36666984240,2020-01-14T22:26:41Z,19140,1328,2052,33,"Grand Theft Auto V, Just Chatting, My Summer Car",https://sullygnome.com/channel/stream/36666984240
36679064608,2020-01-16T07:52:52Z,14880,1215,1493,55,Just Chatting,https://sullygnome.com/channel/stream/36679064608
36683014976,2020-01-16T23:52:47Z,31980,1444,2177,91,Grand Theft Auto V,https://sullygnome.com/channel/stream/36683014976
36691333568,2020-01-18T00:28:40Z,28920,1125,1542,69,Just Chatting,https://sullygnome.com/channel/stream/36691333568
36702803424,2020-01-19T03:33:05Z,23220,2464,3413,107,"Grand Theft Auto V, Just Chatting",https://sullygnome.com/channel/stream/36702803424
36708014304,2020-01-19T20:22:15Z,31980,1606,2165,228,Just Chatting,https://sullygnome.com/channel/stream/36708014304
36713670544,2020-01-20T07:21:01Z,13140,1677,2103,67,"Grand Theft Auto V, Just Chatting",https://sullygnome.com/channel/stream/36713670544
36718188992,2020-01-20T22:26:48Z,11940,1360,1745,18,Grand Theft Auto V,https://sullygnome.com/channel/stream/36718188992
36721565168,2020-01-21T03:57:39Z,11880,1196,1620,38,Grand Theft Auto V,https://sullygnome.com/channel/stream/36721565168
36726377808,2020-01-21T22:30:06Z,18000,1380,2014,57,Grand Theft Auto V,https://sullygnome.com/channel/stream/36726377808
36730375520,2020-01-22T05:30:26Z,25200,1489,1930,90,"Grand Theft Auto V, No Players Online Classic, IMSCARED, Just Chatting",https://sullygnome.com/channel/stream/36730375520
36735750960,2020-01-23T00:33:21Z,14220,1354,1747,57,Grand Theft Auto V,https://sullygnome.com/channel/stream/36735750960
36738251344,2020-01-23T04:42:29Z,18180,1299,1548,65,Just Chatting,https://sullygnome.com/channel/stream/36738251344
36742941648,2020-01-23T22:43:45Z,40620,1865,2910,230,"Grand Theft Auto V, Diablo II",https://sullygnome.com/channel/stream/36742941648
36751095232,2020-01-24T22:06:14Z,22140,1501,1803,38,Just Chatting,https://sullygnome.com/channel/stream/36751095232
36771558800,2020-01-26T23:57:58Z,37980,1693,2064,50,"Internet Cafe Simulator, Grand Theft Auto V",https://sullygnome.com/channel/stream/36771558800
36778520768,2020-01-27T22:54:32Z,25560,1621,2159,66,"Grand Theft Auto V, Internet Cafe Simulator",https://sullygnome.com/channel/stream/36778520768
36786425200,2020-01-28T23:08:39Z,5820,857,1215,19,Just Chatting,https://sullygnome.com/channel/stream/36786425200
36787392128,2020-01-29T00:48:08Z,41220,1863,4635,196,"Grand Theft Auto V, Internet Cafe Simulator, Unlisted on Twitch, Just Chatting",https://sullygnome.com/channel/stream/36787392128
36794186144,2020-01-29T22:55:03Z,11100,1621,2404,57,Grand Theft Auto V,https://sullygnome.com/channel/stream/36794186144
36801672368,2020-01-30T22:06:37Z,17640,1665,2530,79,"Grand Theft Auto V, Counter-Strike",https://sullygnome.com/channel/stream/36801672368
36809275536,2020-01-31T21:15:00Z,17100,1087,1508,12,Grand Theft Auto V,https://sullygnome.com/channel/stream/36809275536
36820476240,2020-02-02T00:14:16Z,44160,1684,2791,152,"Grand Theft Auto V, Counter-Strike, Just Chatting",https://sullygnome.com/channel/stream/36820476240
36833295264,2020-02-03T13:15:00Z,4500,1051,1370,22,Just Chatting,https://sullygnome.com/channel/stream/36833295264
36836097008,2020-02-03T23:10:35Z,12900,1346,1614,31,Grand Theft Auto V,https://sullygnome.com/channel/stream/36836097008
36839453664,2020-02-04T05:21:59Z,19440,2805,6978,196,"Grand Theft Auto V, Thief Simulator",https://sullygnome.com/channel/stream/36839453664
36843346736,2020-02-04T22:08:17Z,38220,1957,3937,230,Grand Theft Auto V,https://sullygnome.com/channel/stream/36843346736
36851235904,2020-02-05T22:04:51Z,16860,1907,3161,43,Grand Theft Auto V,https://sullygnome.com/channel/stream/36851235904
36859196048,2020-02-06T22:23:41Z,15720,1113,1618,0,"Grand Theft Auto V, Yakuza 0",https://sullygnome.com/channel/stream/36859196048
36867359152,2020-02-07T22:21:27Z,25740,1207,1753,17,"Grand Theft Auto V, Speaking Simulator, Counter-Strike",https://sullygnome.com/channel/stream/36867359152
36878895632,2020-02-09T01:35:23Z,32100,1368,1720,106,"Just Chatting, Pummel Party, Gang Beasts, Golf With Your Friends",https://sullygnome.com/channel/stream/36878895632
36886655376,2020-02-09T22:45:00Z,17100,1332,2007,65,"Grand Theft Auto V, Counter-Strike",https://sullygnome.com/channel/stream/36886655376
36894001968,2020-02-10T22:04:13Z,22260,2232,2795,74,Grand Theft Auto V,https://sullygnome.com/channel/stream/36894001968
36898577264,2020-02-11T07:36:54Z,8640,1886,2582,67,Grand Theft Auto V,https://sullygnome.com/channel/stream/36898577264
36901749264,2020-02-11T21:55:54Z,23700,1795,2448,69,Grand Theft Auto V,https://sullygnome.com/channel/stream/36901749264
36909820752,2020-02-12T22:15:04Z,36900,1704,2943,69,Grand Theft Auto V,https://sullygnome.com/channel/stream/36909820752
36918218848,2020-02-13T23:16:24Z,40440,1203,1548,50,Just Chatting,https://sullygnome.com/channel/stream/36918218848
36926907520,2020-02-14T23:52:57Z,14880,1686,2083,46,Grand Theft Auto V,https://sullygnome.com/channel/stream/36926907520
36946836528,2020-02-16T23:42:39Z,30780,1140,1432,44,Just Chatting,https://sullygnome.com/channel/stream/36946836528
36955426768,2020-02-17T22:05:08Z,48300,2559,7262,304,Grand Theft Auto V,https://sullygnome.com/channel/stream/36955426768
36964284864,2020-02-18T22:08:23Z,21120,2299,3328,131,Grand Theft Auto V,https://sullygnome.com/channel/stream/36964284864
36983311808,2020-02-21T03:06:02Z,17640,2332,2822,173,Just Chatting,https://sullygnome.com/channel/stream/36983311808
36995535920,2020-02-22T20:42:03Z,10080,1366,1748,39,Just Chatting,https://sullygnome.com/channel/stream/36995535920
37004259008,2020-02-23T22:04:38Z,28560,1223,1638,34,Grand Theft Auto V,https://sullygnome.com/channel/stream/37004259008
37010728512,2020-02-24T22:01:22Z,19740,1336,1691,32,Grand Theft Auto V,https://sullygnome.com/channel/stream/37010728512
37017664416,2020-02-25T23:00:09Z,33300,1451,2743,93,"Grand Theft Auto V, Just Chatting",https://sullygnome.com/channel/stream/37017664416
37024078048,2020-02-26T22:29:52Z,20760,1150,1793,32,"Just Chatting, Grand Theft Auto V, Two Point Hospital",https://sullygnome.com/channel/stream/37024078048
37030855232,2020-02-27T22:42:20Z,16380,1602,2370,73,Grand Theft Auto V,https://sullygnome.com/channel/stream/37030855232
37034805328,2020-02-28T08:54:48Z,4860,3692,7155,30,Grand Theft Auto V,https://sullygnome.com/channel/stream/37034805328
37037877872,2020-02-28T23:04:45Z,23160,2022,3115,263,Grand Theft Auto V,https://sullygnome.com/channel/stream/37037877872
37042186432,2020-02-29T08:16:23Z,9840,1487,2911,49,"Just Chatting, Grand Theft Auto V",https://sullygnome.com/channel/stream/37042186432
37046058336,2020-02-29T22:28:03Z,16320,1650,2231,65,"Grand Theft Auto V, Games + Demos",https://sullygnome.com/channel/stream/37046058336
37060858400,2020-03-02T22:15:00Z,29700,1608,2780,130,"Grand Theft Auto V, FINAL FANTASY VII REMAKE, Unlisted on Twitch",https://sullygnome.com/channel/stream/37060858400
37064901072,2020-03-03T07:00:00Z,900,1323,1408,2,Grand Theft Auto V,https://sullygnome.com/channel/stream/37064901072
37068190048,2020-03-03T22:05:00Z,32100,1671,3327,295,Grand Theft Auto V,https://sullygnome.com/channel/stream/37068190048
37075062288,2020-03-04T22:06:13Z,18540,1472,1837,63,Grand Theft Auto V,https://sullygnome.com/channel/stream/37075062288
37078832192,2020-03-05T06:57:55Z,7380,1072,1243,72,Grand Theft Auto V,https://sullygnome.com/channel/stream/37078832192
37081656224,2020-03-05T22:06:14Z,13140,1525,1973,46,Grand Theft Auto V,https://sullygnome.com/channel/stream/37081656224
37110877392,2020-03-09T20:34:15Z,19560,1709,2219,113,Just Chatting,https://sullygnome.com/channel/stream/37110877392
37121190080,2020-03-11T03:08:01Z,14820,2732,4656,226,Just Chatting,https://sullygnome.com/channel/stream/37121190080
37132409264,2020-03-12T21:45:18Z,16200,1773,2315,199,Just Chatting,https://sullygnome.com/channel/stream/37132409264
37168838480,2020-03-17T01:02:36Z,22380,1774,2704,152,Just Chatting,https://sullygnome.com/channel/stream/37168838480
37186367648,2020-03-18T21:40:12Z,37200,1145,1833,311,Just Chatting,https://sullygnome.com/channel/stream/37186367648
37208086448,2020-03-20T21:55:03Z,10200,734,923,10,Just Chatting,https://sullygnome.com/channel/stream/37208086448
37212417360,2020-03-21T03:34:39Z,14160,696,1122,4,"Just Chatting, Animal Crossing: New Horizons",https://sullygnome.com/channel/stream/37212417360
37231645136,2020-03-22T22:03:57Z,38520,831,982,14,Just Chatting,https://sullygnome.com/channel/stream/37231645136
37253758208,2020-03-24T21:54:53Z,37260,952,1553,62,Just Chatting,https://sullygnome.com/channel/stream/37253758208
37277193088,2020-03-26T21:50:08Z,30300,1029,1435,0,Just Chatting,https://sullygnome.com/channel/stream/37277193088
37301689728,2020-03-28T21:19:12Z,35760,1706,2482,213,"Just Chatting, Grand Theft Auto V",https://sullygnome.com/channel/stream/37301689728
37324578944,2020-03-30T21:04:11Z,2460,787,1029,-1,Grand Theft Auto V,https://sullygnome.com/channel/stream/37324578944
37325036352,2020-03-30T22:00:29Z,33300,924,1683,52,"Call of Duty: Warzone, Grand Theft Auto V",https://sullygnome.com/channel/stream/37325036352
37347252656,2020-04-01T21:45:00Z,33300,931,2204,58,"Grand Theft Auto V, Call of Duty: Warzone",https://sullygnome.com/channel/stream/37347252656
37372800816,2020-04-03T21:21:35Z,46440,1131,1489,184,"Just Chatting, Grand Theft Auto V",https://sullygnome.com/channel/stream/37372800816
37390467232,2020-04-05T01:53:38Z,31020,1042,1545,51,Just Chatting,https://sullygnome.com/channel/stream/37390467232
37399058816,2020-04-05T20:02:21Z,31380,1333,1858,164,Grand Theft Auto V,https://sullygnome.com/channel/stream/37399058816
37406050096,2020-04-06T05:27:11Z,16380,1032,1486,71,"Grand Theft Auto V, Just Chatting",https://sullygnome.com/channel/stream/37406050096
37411531824,2020-04-06T21:00:00Z,17100,1517,1835,41,Grand Theft Auto V,https://sullygnome.com/channel/stream/37411531824
37416792224,2020-04-07T03:08:37Z,27420,1164,1562,81,"Just Chatting, Grand Theft Auto V",https://sullygnome.com/channel/stream/37416792224
37425663840,2020-04-07T22:47:23Z,41280,1387,2367,242,"Grand Theft Auto V, Just Chatting, Call of Duty: Warzone",https://sullygnome.com/channel/stream/37425663840
37437786672,2020-04-08T21:55:18Z,39000,1429,1921,149,"Grand Theft Auto V, Just Chatting",https://sullygnome.com/channel/stream/37437786672
37452146144,2020-04-09T22:06:26Z,52740,1065,2108,58,"Grand Theft Auto V, Just Chatting, Unlisted on Twitch, FINAL FANTASY VII REMAKE",https://sullygnome.com/channel/stream/37452146144
37471935152,2020-04-10T22:29:24Z,42360,1142,2073,28,FINAL FANTASY VII REMAKE,https://sullygnome.com/channel/stream/37471935152
37491257696,2020-04-11T22:15:00Z,36900,945,1477,40,"Grand Theft Auto V, FINAL FANTASY VII REMAKE",https://sullygnome.com/channel/stream/37491257696
37509444592,2020-04-12T21:38:43Z,51720,1248,2373,177,"Unlisted on Twitch, Grand Theft Auto V, FINAL FANTASY VII REMAKE, Just Chatting, Call of Duty: Warzone",https://sullygnome.com/channel/stream/37509444592
37526741888,2020-04-13T21:25:14Z,47100,2433,6689,385,Grand Theft Auto V,https://sullygnome.com/channel/stream/37526741888
37545981152,2020-04-14T23:05:39Z,50100,1169,1685,97,"Grand Theft Auto V, FINAL FANTASY VII REMAKE",https://sullygnome.com/channel/stream/37545981152
37563708656,2020-04-15T22:39:49Z,20160,1156,1453,55,Grand Theft Auto V,https://sullygnome.com/channel/stream/37563708656
37570326816,2020-04-16T05:36:48Z,13140,1231,1516,70,"Grand Theft Auto V, VALORANT",https://sullygnome.com/channel/stream/37570326816
37580892288,2020-04-16T21:40:20Z,50700,2047,3000,247,"Grand Theft Auto V, Drug Dealer Simulator",https://sullygnome.com/channel/stream/37580892288
37603463952,2020-04-18T00:45:00Z,0,810,810,0,Drug Dealer Simulator,https://sullygnome.com/channel/stream/37603463952
37608918128,2020-04-18T05:00:00Z,15300,1297,1557,28,Drug Dealer Simulator,https://sullygnome.com/channel/stream/37608918128
37618134416,2020-04-18T22:08:45Z,12120,1431,1914,54,Grand Theft Auto V,https://sullygnome.com/channel/stream/37618134416
37623595264,2020-04-19T03:34:33Z,23160,1725,2039,85,"Drug Dealer Simulator, Just Chatting, Grand Theft Auto V",https://sullygnome.com/channel/stream/37623595264
37632620960,2020-04-19T21:45:25Z,18000,1281,1598,57,Grand Theft Auto V,https://sullygnome.com/channel/stream/37632620960
37638150656,2020-04-20T04:03:43Z,21420,1505,1963,99,"Grand Theft Auto V, Drug Dealer Simulator, VALORANT",https://sullygnome.com/channel/stream/37638150656
37643861936,2020-04-20T19:00:00Z,19800,1858,2476,56,Grand Theft Auto V,https://sullygnome.com/channel/stream/37643861936
37648986416,2020-04-21T01:15:17Z,15300,1419,1732,38,Grand Theft Auto V,https://sullygnome.com/channel/stream/37648986416
37668566768,2020-04-21T21:45:00Z,36900,1079,1565,34,"Grand Theft Auto V, Drug Dealer Simulator, Just Arms, Just Chatting",https://sullygnome.com/channel/stream/37668566768
37685899904,2020-04-22T22:01:38Z,19740,1168,1487,21,Grand Theft Auto V,https://sullygnome.com/channel/stream/37685899904
37691985392,2020-04-23T04:29:04Z,1860,889,1297,24,Grand Theft Auto V,https://sullygnome.com/channel/stream/37691985392
37692506624,2020-04-23T05:18:11Z,22320,1459,1758,69,"Grand Theft Auto V, Drug Dealer Simulator, Games + Demos, Just Chatting",https://sullygnome.com/channel/stream/37692506624
37699524432,2020-04-23T21:40:21Z,48900,1589,2229,131,"Grand Theft Auto V, Just Arms, Just Chatting, The Coin Game",https://sullygnome.com/channel/stream/37699524432
37715141136,2020-04-24T22:02:30Z,24180,912,1342,62,"Poker, Grand Theft Auto V",https://sullygnome.com/channel/stream/37715141136
37722910272,2020-04-25T06:02:11Z,20580,2119,2884,77,"Grand Theft Auto V, Just Chatting",https://sullygnome.com/channel/stream/37722910272
37729333552,2020-04-25T22:24:24Z,39060,1824,2940,114,"Grand Theft Auto V, VALORANT",https://sullygnome.com/channel/stream/37729333552
37744643632,2020-04-27T01:45:00Z,19800,1047,1399,54,"Grand Theft Auto V, Just Chatting, Minecraft",https://sullygnome.com/channel/stream/37744643632
37752153296,2020-04-27T19:42:43Z,7380,1687,2647,22,Grand Theft Auto V,https://sullygnome.com/channel/stream/37752153296
37753934192,2020-04-27T22:08:13Z,44520,2707,4991,261,"Raid: Shadow Legends, Minecraft, Grand Theft Auto V, Unlisted on Twitch",https://sullygnome.com/channel/stream/37753934192
37767346704,2020-04-28T21:12:23Z,46080,1192,2462,69,"Minecraft, Just Chatting, Grand Theft Auto V, Poker",https://sullygnome.com/channel/stream/37767346704
37782403504,2020-04-29T21:21:52Z,22140,1028,1364,37,"Just Chatting, Grand Theft Auto V",https://sullygnome.com/channel/stream/37782403504
37790856432,2020-04-30T05:02:18Z,18780,1135,1759,55,"Minecraft, Just Chatting",https://sullygnome.com/channel/stream/37790856432
37796904192,2020-04-30T19:47:54Z,23280,1234,1915,32,"Grand Theft Auto V, Poker",https://sullygnome.com/channel/stream/37796904192
37804773200,2020-05-01T04:05:03Z,28500,1670,2531,122,"Grand Theft Auto V, Just Chatting",https://sullygnome.com/channel/stream/37804773200
37818763168,2020-05-01T23:38:54Z,40020,1280,1784,71,"Grand Theft Auto V, Minecraft",https://sullygnome.com/channel/stream/37818763168
37836894784,2020-05-02T23:21:39Z,76140,1685,2233,158,"Just Chatting, Unlisted on Twitch, Grand Theft Auto V",https://sullygnome.com/channel/stream/37836894784
37857489168,2020-05-04T02:37:04Z,25680,1713,2691,100,"Grand Theft Auto V, Just Chatting, The Coin Game",https://sullygnome.com/channel/stream/37857489168
37869925872,2020-05-04T22:43:01Z,37020,1704,2806,95,"Grand Theft Auto V, Just Chatting, Games + Demos",https://sullygnome.com/channel/stream/37869925872
37887542864,2020-05-06T00:15:00Z,32400,1186,2111,84,"The Coin Game, Grand Theft Auto V, Just Chatting",https://sullygnome.com/channel/stream/37887542864
37902754272,2020-05-06T21:45:00Z,23400,1192,1528,51,Grand Theft Auto V,https://sullygnome.com/channel/stream/37902754272
37910695440,2020-05-07T05:04:46Z,23160,3742,6570,334,Grand Theft Auto V,https://sullygnome.com/channel/stream/37910695440
37926367120,2020-05-08T00:22:48Z,13980,1131,1449,85,Grand Theft Auto V,https://sullygnome.com/channel/stream/37926367120
37931611664,2020-05-08T05:33:55Z,18720,1721,2324,142,"Grand Theft Auto V, Minecraft",https://sullygnome.com/channel/stream/37931611664
37945084768,2020-05-08T22:13:58Z,37920,1184,1903,81,"Grand Theft Auto V, Poker, Just Chatting, Subnautica",https://sullygnome.com/channel/stream/37945084768
37971403776,2020-05-10T01:53:33Z,27420,1464,2027,55,"Grand Theft Auto V, Left 4 Dead 2, Just Chatting, UNO",https://sullygnome.com/channel/stream/37971403776
37983604800,2020-05-11T02:19:14Z,27660,1619,1856,0,"Grand Theft Auto V, Subnautica, Just Chatting",https://sullygnome.com/channel/stream/37983604800
37998501536,2020-05-11T23:37:32Z,47280,1501,2544,258,"Grand Theft Auto V, Subnautica, Virtual Casino, Blackjack, Roulette",https://sullygnome.com/channel/stream/37998501536
38020169184,2020-05-13T00:29:08Z,29760,1295,2705,141,"Grand Theft Auto V, Just Chatting",https://sullygnome.com/channel/stream/38020169184
38041398528,2020-05-13T23:00:53Z,36900,1345,4235,137,"Grand Theft Auto V, GeoGuessr, Just Chatting",https://sullygnome.com/channel/stream/38041398528
38065916432,2020-05-15T00:44:34Z,14460,1055,1559,10,"Grand Theft Auto V, Subnautica, Just Chatting",https://sullygnome.com/channel/stream/38065916432
38071379968,2020-05-15T07:59:13Z,10860,1056,1339,29,Just Chatting,https://sullygnome.com/channel/stream/38071379968
38075718080,2020-05-15T17:58:07Z,21720,1450,1707,58,Grand Theft Auto V,https://sullygnome.com/channel/stream/38075718080
38084822688,2020-05-16T01:35:34Z,21300,1049,1453,58,"Grand Theft Auto V, Just Chatting, Blackjack",https://sullygnome.com/channel/stream/38084822688
38100983616,2020-05-16T20:42:55Z,39780,1522,2269,136,"Grand Theft Auto V, Pummel Party",https://sullygnome.com/channel/stream/38100983616
38127931648,2020-05-18T02:14:59Z,9060,1136,1402,25,Just Chatting,https://sullygnome.com/channel/stream/38127931648
38141153184,2020-05-18T20:32:18Z,40380,1267,2020,124,"Grand Theft Auto V, Just Chatting",https://sullygnome.com/channel/stream/38141153184
38164961616,2020-05-19T23:56:14Z,28140,1679,2484,184,"Grand Theft Auto V, Just Chatting",https://sullygnome.com/channel/stream/38164961616
38183218896,2020-05-20T22:13:00Z,28920,1117,1593,54,"Grand Theft Auto V, Mafia II",https://sullygnome.com/channel/stream/38183218896
38191713216,2020-05-21T06:51:21Z,9540,1486,2174,57,Grand Theft Auto V,https://sullygnome.com/channel/stream/38191713216
38203087584,2020-05-21T21:50:08Z,21300,1112,1658,75,"Grand Theft Auto V, Poker, Just Chatting",https://sullygnome.com/channel/stream/38203087584
38210433680,2020-05-22T04:29:06Z,11760,1166,1819,49,Grand Theft Auto V,https://sullygnome.com/channel/stream/38210433680
38226456992,2020-05-23T00:01:33Z,8940,702,934,2,"Just Chatting, Grand Theft Auto V, Mafia II",https://sullygnome.com/channel/stream/38226456992
38231425776,2020-05-23T04:18:49Z,25920,1691,2816,220,"Grand Theft Auto V, Just Chatting",https://sullygnome.com/channel/stream/38231425776
38249009872,2020-05-24T01:14:59Z,6360,848,1188,7,"Just Chatting, Blackjack, Grand Theft Auto V",https://sullygnome.com/channel/stream/38249009872
38251211408,2020-05-24T03:14:55Z,31560,1075,1785,17,"Just Chatting, Watch Parties, Monopoly",https://sullygnome.com/channel/stream/38251211408
38269549728,2020-05-25T01:56:09Z,11940,1478,2303,80,Grand Theft Auto V,https://sullygnome.com/channel/stream/38269549728
38284025376,2020-05-25T21:02:18Z,11580,1045,1419,25,"Grand Theft Auto V, Poker",https://sullygnome.com/channel/stream/38284025376
38291682800,2020-05-26T04:27:14Z,25380,3544,7373,292,Grand Theft Auto V,https://sullygnome.com/channel/stream/38291682800
38310924192,2020-05-27T03:34:16Z,16860,1005,1892,106,"Grand Theft Auto V, Poker, Blackjack, Roulette",https://sullygnome.com/channel/stream/38310924192
38321933664,2020-05-27T19:25:09Z,30000,1888,4746,191,"Just Chatting, Grand Theft Auto V",https://sullygnome.com/channel/stream/38321933664
38334372032,2020-05-28T09:11:46Z,6540,626,795,10,"Just Chatting, Games + Demos",https://sullygnome.com/channel/stream/38334372032
38344969792,2020-05-28T22:07:17Z,30180,1121,1672,120,"Grand Theft Auto V, Poker, Just Chatting, Watch Parties",https://sullygnome.com/channel/stream/38344969792
38366834816,2020-05-29T23:24:31Z,33660,998,2010,113,"Grand Theft Auto V, Poker, Just Chatting",https://sullygnome.com/channel/stream/38366834816
38382336896,2020-05-30T18:52:18Z,29280,1465,2633,112,"Just Chatting, Poker, Blackjack",https://sullygnome.com/channel/stream/38382336896
38424019584,2020-06-01T21:57:45Z,44280,1293,2340,185,"Grand Theft Auto V, Subnautica, Just Chatting",https://sullygnome.com/channel/stream/38424019584
38444232848,2020-06-02T23:22:49Z,16680,849,1108,36,"Grand Theft Auto V, Just Chatting",https://sullygnome.com/channel/stream/38444232848
38450059216,2020-06-03T05:29:33Z,5460,1096,1261,14,Grand Theft Auto V,https://sullygnome.com/channel/stream/38450059216
38462550224,2020-06-03T22:31:55Z,33240,1074,1534,46,"Just Chatting, Unlisted on Twitch, Grand Theft Auto V",https://sullygnome.com/channel/stream/38462550224
38485730368,2020-06-05T01:51:39Z,16740,1829,2584,88,Grand Theft Auto V,https://sullygnome.com/channel/stream/38485730368
38497155904,2020-06-05T18:24:08Z,16560,1511,1756,60,Grand Theft Auto V,https://sullygnome.com/channel/stream/38497155904
38508452944,2020-06-06T04:41:34Z,16440,1396,1848,59,"Grand Theft Auto V, Command &amp; Conquer Remastered Collection, 夢三國, Just Chatting",https://sullygnome.com/channel/stream/38508452944
38520177952,2020-06-06T20:23:46Z,30120,1190,1749,85,"Grand Theft Auto V, Just Chatting, Watch Parties",https://sullygnome.com/channel/stream/38520177952
38544542208,2020-06-08T00:53:07Z,21120,1501,2426,133,Grand Theft Auto V,https://sullygnome.com/channel/stream/38544542208
38558065952,2020-06-08T19:35:14Z,15900,2006,2541,102,Grand Theft Auto V,https://sullygnome.com/channel/stream/38558065952
38565191232,2020-06-09T02:10:53Z,16500,1449,1832,86,Grand Theft Auto V,https://sullygnome.com/channel/stream/38565191232
38579938944,2020-06-09T21:50:15Z,24900,1229,2043,61,"Grand Theft Auto V, Just Chatting, Poly Bridge 2",https://sullygnome.com/channel/stream/38579938944
38600365584,2020-06-10T22:11:41Z,20040,1624,2476,84,Grand Theft Auto V,https://sullygnome.com/channel/stream/38600365584
38606806752,2020-06-11T04:11:05Z,20940,3639,8092,209,"Grand Theft Auto V, Just Chatting",https://sullygnome.com/channel/stream/38606806752
38617790368,2020-06-11T20:00:37Z,21600,1383,2718,114,"Just Chatting, Special Events, Grand Theft Auto V",https://sullygnome.com/channel/stream/38617790368
38626087568,2020-06-12T03:58:55Z,19920,1705,2314,144,"Grand Theft Auto V, The Elder Scrolls IV: Oblivion",https://sullygnome.com/channel/stream/38626087568
38639719248,2020-06-12T22:45:00Z,7200,1021,1483,5,Grand Theft Auto V,https://sullygnome.com/channel/stream/38639719248
38642194624,2020-06-13T00:58:30Z,19920,1458,2284,68,"Grand Theft Auto V, The Elder Scrolls IV: Oblivion",https://sullygnome.com/channel/stream/38642194624
38661048656,2020-06-14T00:37:58Z,34680,2022,3124,175,"Grand Theft Auto V, Just Chatting, Call of Duty: Warzone",https://sullygnome.com/channel/stream/38661048656
38675406560,2020-06-14T20:17:50Z,53880,3153,8283,406,"Grand Theft Auto V, Just Chatting",https://sullygnome.com/channel/stream/38675406560
38714249984,2020-06-16T21:26:43Z,32640,1901,2790,197,Grand Theft Auto V,https://sullygnome.com/channel/stream/38714249984
38731354960,2020-06-17T18:58:29Z,37020,1486,2946,162,"Grand Theft Auto V, Just Chatting",https://sullygnome.com/channel/stream/38731354960
38750272704,2020-06-18T19:16:51Z,36840,1357,1697,149,Grand Theft Auto V,https://sullygnome.com/channel/stream/38750272704
38772625024,2020-06-19T21:58:15Z,53220,2135,3893,1074,"Grand Theft Auto V, VRChat",https://sullygnome.com/channel/stream/38772625024
38792603904,2020-06-20T22:17:48Z,13380,1079,1395,57,"Grand Theft Auto V, Just Chatting",https://sullygnome.com/channel/stream/38792603904
38797700960,2020-06-21T03:15:41Z,27900,2588,4298,289,"VRChat, Just Chatting",https://sullygnome.com/channel/stream/38797700960
38830138720,2020-06-22T21:52:38Z,26580,1208,1505,84,Grand Theft Auto V,https://sullygnome.com/channel/stream/38830138720
38861717856,2020-06-24T03:35:27Z,22200,2129,3429,209,VRChat,https://sullygnome.com/channel/stream/38861717856
38883089472,2020-06-25T02:00:54Z,43200,1707,2407,360,"Just Chatting, The Coin Game, Golf It!, Pummel Party, Unlisted on Twitch",https://sullygnome.com/channel/stream/38883089472
38907489040,2020-06-26T02:50:09Z,24000,2023,2654,1020,"Just Chatting, VRChat, Minecraft",https://sullygnome.com/channel/stream/38907489040
38932796976,2020-06-27T03:55:17Z,30900,2046,2538,161,VRChat,https://sullygnome.com/channel/stream/38932796976
38950368608,2020-06-27T23:27:26Z,44280,1949,2696,191,"Just Chatting, VRChat",https://sullygnome.com/channel/stream/38950368608
38973935264,2020-06-28T23:40:19Z,46200,1614,2194,114,"Just Chatting, Pogostuck: Rage With Your Friends, Minecraft, VRChat",https://sullygnome.com/channel/stream/38973935264
39003183424,2020-06-30T04:30:40Z,32400,2134,2690,79,VRChat,https://sullygnome.com/channel/stream/39003183424
39024581968,2020-07-01T03:20:46Z,24900,2490,3864,134,"Just Chatting, VRChat",https://sullygnome.com/channel/stream/39024581968
39082849744,2020-07-03T22:24:40Z,12060,1162,1365,8,"Just Chatting, Poker",https://sullygnome.com/channel/stream/39082849744
39087620672,2020-07-04T01:59:16Z,32460,2122,2550,133,VRChat,https://sullygnome.com/channel/stream/39087620672
39109669824,2020-07-05T02:32:54Z,16080,3123,4168,206,VRChat,https://sullygnome.com/channel/stream/39109669824
39133672480,2020-07-06T04:41:42Z,20040,2064,2655,72,"Blade &amp; Sorcery, VRChat",https://sullygnome.com/channel/stream/39133672480
39155871680,2020-07-07T04:15:00Z,0,1521,1532,6,VRChat,https://sullygnome.com/channel/stream/39155871680
39156352448,2020-07-07T04:29:47Z,24360,2103,3530,129,VRChat,https://sullygnome.com/channel/stream/39156352448
39178501760,2020-07-08T03:40:04Z,16500,2198,2592,102,Just Chatting,https://sullygnome.com/channel/stream/39178501760
39199282016,2020-07-09T02:07:07Z,34680,1909,2863,139,Just Chatting,https://sullygnome.com/channel/stream/39199282016
39218908176,2020-07-10T02:24:08Z,17460,2179,3512,52,Just Chatting,https://sullygnome.com/channel/stream/39218908176
2125584529,2020-07-10T22:16:27Z,44040,2292,3251,206,Just Chatting,https://sullygnome.com/channel/stream/2125584529
2152390081,2020-07-12T03:21:35Z,18540,2494,3065,113,VRChat,https://sullygnome.com/channel/stream/2152390081
2165612721,2020-07-12T22:28:12Z,43320,1775,2570,103,VRChat,https://sullygnome.com/channel/stream/2165612721
2185625745,2020-07-13T23:22:10Z,32880,1740,2595,54,BONEWORKS,https://sullygnome.com/channel/stream/2185625745
2199680993,2020-07-14T22:28:06Z,36120,1766,2614,28,BONEWORKS,https://sullygnome.com/channel/stream/2199680993
39229979296,2020-07-16T00:56:26Z,10140,1524,2037,207,Just Chatting,https://sullygnome.com/channel/stream/39229979296
39234140384,2020-07-17T04:43:13Z,14520,2008,2437,97,VRChat,https://sullygnome.com/channel/stream/39234140384
39236748992,2020-07-18T02:51:09Z,24840,1828,2794,149,Just Chatting,https://sullygnome.com/channel/stream/39236748992
39239081552,2020-07-19T01:00:33Z,29700,2495,3772,521,Just Chatting,https://sullygnome.com/channel/stream/39239081552
39241488448,2020-07-19T23:55:03Z,21000,1297,1861,55,Just Chatting,https://sullygnome.com/channel/stream/39241488448
39242458384,2020-07-20T06:06:37Z,5040,1620,1855,21,Just Chatting,https://sullygnome.com/channel/stream/39242458384
2080592169511604247,2020-07-21T03:25:43Z,32700,1883,2557,185,VRChat,https://sullygnome.com/channel/stream/2080592169511604247
2273819761,2020-07-22T00:14:14Z,29760,2115,2596,234,Just Chatting,https://sullygnome.com/channel/stream/2273819761
8935985384071216653,2020-07-23T03:33:37Z,31320,1691,2431,132,VRChat,https://sullygnome.com/channel/stream/8935985384071216653
660934298130598465,2020-07-23T23:53:17Z,31920,1709,2506,313,VRChat,https://sullygnome.com/channel/stream/660934298130598465
9163438167935965962,2020-07-25T01:45:29Z,27000,2080,2638,101,VRChat,https://sullygnome.com/channel/stream/9163438167935965962
1910287953773041028,2020-07-26T01:14:50Z,21660,1437,1934,71,Just Chatting,https://sullygnome.com/channel/stream/1910287953773041028
1674102592511478265,2020-07-27T02:42:48Z,17280,1284,1599,21,Just Chatting,https://sullygnome.com/channel/stream/1674102592511478265
2186856651616638916,2020-07-27T22:20:56Z,28500,1172,1709,31,Just Chatting,https://sullygnome.com/channel/stream/2186856651616638916
48724736781111840,2020-07-28T22:55:39Z,34500,1447,1947,43,VRChat,https://sullygnome.com/channel/stream/48724736781111840
5558206053969662104,2020-07-30T22:30:09Z,32400,1309,1732,16,Just Chatting,https://sullygnome.com/channel/stream/5558206053969662104
5415919242857264343,2020-08-01T02:01:18Z,16140,1361,1650,20,VRChat,https://sullygnome.com/channel/stream/5415919242857264343
2469305750144218831,2020-08-02T00:56:22Z,22740,1637,2603,19,"Just Chatting, VRChat",https://sullygnome.com/channel/stream/2469305750144218831
100246945076655461,2020-08-03T00:53:32Z,22020,1515,1897,15,Just Chatting,https://sullygnome.com/channel/stream/100246945076655461
8415760437986036356,2020-08-03T19:47:47Z,38580,981,1363,-6,Just Chatting,https://sullygnome.com/channel/stream/8415760437986036356
4330676119322970473,2020-08-04T21:55:20Z,30000,1191,1720,140,"Just Chatting, Among Us, VRChat",https://sullygnome.com/channel/stream/4330676119322970473
7655067029245732276,2020-08-05T21:17:32Z,43080,1630,2689,119,"Just Chatting, Fall Guys",https://sullygnome.com/channel/stream/7655067029245732276
6759505707079787379,2020-08-06T22:16:38Z,17040,1164,1382,20,Fall Guys,https://sullygnome.com/channel/stream/6759505707079787379
4693724515141559874,2020-08-07T22:25:32Z,31800,1179,1661,91,Fall Guys,https://sullygnome.com/channel/stream/4693724515141559874
3551024675300908740,2020-08-08T23:14:05Z,24360,1142,1515,19,"Fall Guys, Just Chatting",https://sullygnome.com/channel/stream/3551024675300908740
3940107723936663125,2020-08-10T04:43:59Z,17220,1095,1360,20,"Just Chatting, DARK SOULS III",https://sullygnome.com/channel/stream/3940107723936663125
3428044166613204131,2020-08-10T22:50:36Z,11400,640,761,-9,DARK SOULS III,https://sullygnome.com/channel/stream/3428044166613204131
8839032225357093751,2020-08-11T06:05:43Z,15900,3350,5579,56,Fall Guys,https://sullygnome.com/channel/stream/8839032225357093751
5113272785315858715,2020-08-12T04:45:00Z,7200,1506,1697,21,VRChat,https://sullygnome.com/channel/stream/5113272785315858715
5985760279581722687,2020-08-13T03:43:27Z,21720,1091,1888,32,"Just Chatting, Fall Guys, Jackbox Party Packs",https://sullygnome.com/channel/stream/5985760279581722687
39264738478,2020-08-13T22:25:31Z,22800,915,1270,12,"Just Chatting, Fall Guys",https://sullygnome.com/channel/stream/39264738478
39278656206,2020-08-14T22:36:15Z,28440,1008,1532,42,"Just Chatting, Twitch Sings",https://sullygnome.com/channel/stream/39278656206
39295893070,2020-08-16T02:16:41Z,17040,1371,1658,72,Among Us,https://sullygnome.com/channel/stream/39295893070
39305664350,2020-08-16T21:55:12Z,30900,1809,2942,503,"Just Chatting, Among Us, SCP: Secret Laboratory, VRChat",https://sullygnome.com/channel/stream/39305664350
39318207438,2020-08-17T21:50:11Z,4200,857,1077,20,Just Chatting,https://sullygnome.com/channel/stream/39318207438
39322639326,2020-08-18T02:40:40Z,14700,1070,1669,72,"Just Chatting, Fall Guys",https://sullygnome.com/channel/stream/39322639326
39333277006,2020-08-18T23:53:25Z,36420,1157,2158,848,"SCP: Secret Laboratory, Microsoft Flight Simulator",https://sullygnome.com/channel/stream/39333277006
39345098574,2020-08-19T22:07:31Z,38280,1020,1262,407,"Just Chatting, SCP: Secret Laboratory",https://sullygnome.com/channel/stream/39345098574
39358735422,2020-08-20T22:23:58Z,13020,552,672,34,"Just Chatting, DARK SOULS III",https://sullygnome.com/channel/stream/39358735422
39370392766,2020-08-21T19:37:57Z,29280,1004,1399,122,Just Chatting,https://sullygnome.com/channel/stream/39370392766
39400091886,2020-08-23T21:30:26Z,27000,1101,1374,36,"Just Chatting, Streamer Life Simulator",https://sullygnome.com/channel/stream/39400091886
39424839326,2020-08-25T20:50:38Z,21300,892,1249,105,"Just Chatting, New World: Aeternum",https://sullygnome.com/channel/stream/39424839326
39437245198,2020-08-26T19:17:27Z,26880,848,1436,124,VRChat,https://sullygnome.com/channel/stream/39437245198
39449532382,2020-08-27T17:33:18Z,30420,943,1123,16,Just Chatting,https://sullygnome.com/channel/stream/39449532382
39457333406,2020-08-28T03:59:53Z,18960,783,975,2,Just Chatting,https://sullygnome.com/channel/stream/39457333406
39464312734,2020-08-28T21:06:57Z,52740,859,1182,336,"Just Chatting, For the King",https://sullygnome.com/channel/stream/39464312734
39481251310,2020-08-30T00:53:52Z,33720,965,1252,50,Just Chatting,https://sullygnome.com/channel/stream/39481251310
39492842126,2020-08-30T22:46:23Z,29640,1041,1262,37,"Just Chatting, HITMAN",https://sullygnome.com/channel/stream/39492842126
39501045870,2020-08-31T16:38:32Z,14820,779,945,-7,Just Chatting,https://sullygnome.com/channel/stream/39501045870
39516700718,2020-09-01T22:17:16Z,26880,837,1032,21,Just Chatting,https://sullygnome.com/channel/stream/39516700718
39529670990,2020-09-02T22:44:48Z,31560,948,1371,-18,Just Chatting,https://sullygnome.com/channel/stream/39529670990
39540716062,2020-09-03T20:27:15Z,19980,804,983,14,"Just Chatting, Spellbreak",https://sullygnome.com/channel/stream/39540716062
39554462222,2020-09-04T21:04:20Z,38460,858,1641,71,"Just Chatting, Tony Hawk's Pro Skater 1+2, VRChat",https://sullygnome.com/channel/stream/39554462222
39569986190,2020-09-05T22:44:22Z,26160,963,1200,17,Just Chatting,https://sullygnome.com/channel/stream/39569986190
39582692606,2020-09-06T21:52:18Z,31980,1072,1375,-8,"Just Chatting, The Long Drive",https://sullygnome.com/channel/stream/39582692606
39596366094,2020-09-07T22:30:19Z,18900,2103,3407,255,Just Chatting,https://sullygnome.com/channel/stream/39596366094
39611677630,2020-09-09T02:18:22Z,26820,1522,2960,53,"Just Chatting, The Long Drive",https://sullygnome.com/channel/stream/39611677630
39619768798,2020-09-09T21:45:08Z,36000,1406,2208,8274,"Just Chatting, DayZ, Among Us",https://sullygnome.com/channel/stream/39619768798
39631667726,2020-09-10T21:34:25Z,7860,890,1088,1,Just Chatting,https://sullygnome.com/channel/stream/39631667726
39637408382,2020-09-11T04:34:10Z,6960,845,1269,29,Among Us,https://sullygnome.com/channel/stream/39637408382
39647587294,2020-09-12T01:49:29Z,28560,1295,2120,188,"Among Us, Just Chatting",https://sullygnome.com/channel/stream/39647587294
39662388590,2020-09-13T02:29:01Z,14460,1304,1774,61,"Among Us, Just Chatting",https://sullygnome.com/channel/stream/39662388590
39673028814,2020-09-13T23:39:01Z,23760,973,1204,29,"Just Chatting, VRChat",https://sullygnome.com/channel/stream/39673028814
39685489054,2020-09-14T21:40:56Z,38100,999,1243,-2,"Just Chatting, Among Us",https://sullygnome.com/channel/stream/39685489054
39706272142,2020-09-15T23:58:24Z,26220,1026,1795,110,VRChat,https://sullygnome.com/channel/stream/39706272142
39720119118,2020-09-16T20:28:55Z,17220,853,1268,0,"Special Events, Just Chatting",https://sullygnome.com/channel/stream/39720119118
39729343902,2020-09-17T03:23:27Z,11220,735,1069,11,Just Chatting,https://sullygnome.com/channel/stream/39729343902
39747305294,2020-09-18T03:28:22Z,18120,1199,1910,121,Just Chatting,https://sullygnome.com/channel/stream/39747305294
39766229470,2020-09-19T03:45:00Z,9000,745,870,15,Just Chatting,https://sullygnome.com/channel/stream/39766229470
39778574414,2020-09-19T23:52:13Z,22080,997,1450,38,"Just Chatting, VRChat",https://sullygnome.com/channel/stream/39778574414
39796000862,2020-09-21T03:48:02Z,8820,957,1201,50,VRChat,https://sullygnome.com/channel/stream/39796000862
39806451294,2020-09-22T01:59:43Z,26160,1301,1654,114,"Project Winter, Just Chatting",https://sullygnome.com/channel/stream/39806451294
39815862430,2020-09-22T23:11:56Z,29940,1372,1655,217,"Grand Theft Auto V, Just Chatting, Project Winter",https://sullygnome.com/channel/stream/39815862430
39829454046,2020-09-24T00:24:38Z,24660,1740,5176,233,Just Chatting,https://sullygnome.com/channel/stream/39829454046
39841432430,2020-09-25T00:08:50Z,31020,1096,2132,145,"Just Chatting, Among Us, Watch Parties",https://sullygnome.com/channel/stream/39841432430
39854409950,2020-09-26T00:29:25Z,23460,1138,1619,62,"Grand Theft Auto V, House Flipper",https://sullygnome.com/channel/stream/39854409950
39873214670,2020-09-27T07:08:38Z,18420,1288,1574,23,Just Chatting,https://sullygnome.com/channel/stream/39873214670
39880205406,2020-09-27T23:43:59Z,19920,1475,1730,110,"Grand Theft Auto V, VRChat",https://sullygnome.com/channel/stream/39880205406
39892645086,2020-09-29T01:20:03Z,28500,2033,2936,178,"Just Chatting, Phasmophobia",https://sullygnome.com/channel/stream/39892645086
39903758846,2020-09-30T00:39:30Z,22860,1060,1425,123,"Just Chatting, Phasmophobia, Left 4 Dead 2",https://sullygnome.com/channel/stream/39903758846
39914996958,2020-10-01T00:08:59Z,22020,1813,2749,90,"Just Chatting, Phasmophobia",https://sullygnome.com/channel/stream/39914996958
39919639422,2020-10-01T06:35:53Z,8700,2341,2749,101,Phasmophobia,https://sullygnome.com/channel/stream/39919639422
39925904718,2020-10-01T23:30:00Z,38700,1782,2774,788,"Just Chatting, Watch Parties",https://sullygnome.com/channel/stream/39925904718
39941388478,2020-10-03T02:56:26Z,25440,1722,2453,447,Phasmophobia,https://sullygnome.com/channel/stream/39941388478
39957119790,2020-10-04T05:38:44Z,14820,1595,1911,83,Just Chatting,https://sullygnome.com/channel/stream/39957119790
39965657214,2020-10-05T00:27:09Z,31680,1604,2324,215,"Phasmophobia, Just Chatting, VRChat, Among Us",https://sullygnome.com/channel/stream/39965657214
39977876302,2020-10-06T01:53:58Z,32820,1774,2734,108,"Just Chatting, Phasmophobia, Watch Parties",https://sullygnome.com/channel/stream/39977876302
39986889470,2020-10-06T23:06:13Z,30240,1630,1951,105,"Phasmophobia, Just Chatting",https://sullygnome.com/channel/stream/39986889470
39997774814,2020-10-07T21:55:27Z,43500,1911,2428,176,"Phasmophobia, Just Chatting",https://sullygnome.com/channel/stream/39997774814
40009752910,2020-10-08T21:32:34Z,25080,1372,2838,207,"Party Animals, Phasmophobia",https://sullygnome.com/channel/stream/40009752910
40023281758,2020-10-09T22:42:34Z,30780,1387,1786,139,"Phasmophobia, VRChat",https://sullygnome.com/channel/stream/40023281758
40037978910,2020-10-10T23:23:11Z,39120,1891,2758,321,"Just Chatting, Phasmophobia",https://sullygnome.com/channel/stream/40037978910
40053056222,2020-10-12T01:28:57Z,12720,1690,2049,62,"Phasmophobia, VRChat",https://sullygnome.com/channel/stream/40053056222
40055797774,2020-10-12T05:13:34Z,10020,1779,1957,25,VRChat,https://sullygnome.com/channel/stream/40055797774
40074920206,2020-10-13T23:36:19Z,29340,1476,1804,48,"Just Chatting, VRChat",https://sullygnome.com/channel/stream/40074920206
40089387342,2020-10-15T02:26:46Z,24540,1622,2037,65,"Neos VR, The Jackbox Party Pack 7",https://sullygnome.com/channel/stream/40089387342
40098463310,2020-10-15T22:58:44Z,33420,1440,1979,48,"Just Chatting, UNDERTALE, VRChat",https://sullygnome.com/channel/stream/40098463310
40111814398,2020-10-16T23:23:00Z,29220,1499,1830,151,"Just Chatting, VRChat",https://sullygnome.com/channel/stream/40111814398
40125543950,2020-10-17T22:05:31Z,38400,2083,2951,401,"Just Chatting, Grand Theft Auto V, SCP: Secret Laboratory, VRChat, Worms W.M.D",https://sullygnome.com/channel/stream/40125543950
40142379102,2020-10-19T01:44:30Z,25260,2317,3130,287,VRChat,https://sullygnome.com/channel/stream/40142379102
40150431134,2020-10-19T22:48:08Z,39420,1630,2184,328,"SCP: Secret Laboratory, VRChat, Just Chatting, In Silence",https://sullygnome.com/channel/stream/40150431134
40158955710,2020-10-20T21:12:10Z,32580,1421,1800,26,"Just Chatting, Amnesia: Rebirth, VRChat",https://sullygnome.com/channel/stream/40158955710
40170313726,2020-10-21T23:19:01Z,48360,1564,2535,86,"Just Chatting, Raft",https://sullygnome.com/channel/stream/40170313726
40181026894,2020-10-22T22:47:18Z,30480,1374,2002,673,"Just Chatting, VRChat, Music",https://sullygnome.com/channel/stream/40181026894
40192204110,2020-10-23T21:43:28Z,41520,1431,2017,144,"Just Chatting, POPULATION: ONE, VRChat",https://sullygnome.com/channel/stream/40192204110
40208583614,2020-10-24T23:58:19Z,38820,1518,2126,71,"Just Chatting, Raft, VRChat",https://sullygnome.com/channel/stream/40208583614
40224345166,2020-10-26T02:31:14Z,22440,1494,1817,39,VRChat,https://sullygnome.com/channel/stream/40224345166
40236647694,2020-10-27T02:25:49Z,21900,1338,1832,75,"Just Chatting, Electronauts, Music, Worms W.M.D",https://sullygnome.com/channel/stream/40236647694
40245742670,2020-10-27T22:42:06Z,15480,1309,1711,-1,"Just Chatting, Watch Parties, VRChat",https://sullygnome.com/channel/stream/40245742670
40251360750,2020-10-28T04:24:37Z,22860,1352,1658,37,"VRChat, Just Chatting",https://sullygnome.com/channel/stream/40251360750
40258476110,2020-10-28T22:20:10Z,46500,1457,2080,112,"Just Chatting, Minecraft",https://sullygnome.com/channel/stream/40258476110
40271287246,2020-10-29T23:00:34Z,27000,1199,1553,22,"Just Chatting, Minecraft",https://sullygnome.com/channel/stream/40271287246
40283247502,2020-10-30T21:58:29Z,15420,1073,1313,2,"Just Chatting, The Long Drive",https://sullygnome.com/channel/stream/40283247502
40288413518,2020-10-31T03:14:12Z,18960,1206,1577,45,VRChat,https://sullygnome.com/channel/stream/40288413518
40297868078,2020-10-31T22:14:02Z,9060,1226,1598,14,Just Chatting,https://sullygnome.com/channel/stream/40297868078
40303360814,2020-11-01T04:31:54Z,8040,1126,2863,48,VRChat,https://sullygnome.com/channel/stream/40303360814
40311582110,2020-11-01T23:00:37Z,34200,1313,2008,39,"Just Chatting, Minecraft, VRChat",https://sullygnome.com/channel/stream/40311582110
40323190366,2020-11-02T23:04:15Z,33060,1204,1821,0,"Just Chatting, Minecraft, Harvester, Music",https://sullygnome.com/channel/stream/40323190366
40335759726,2020-11-03T23:02:00Z,34980,1012,1288,11,"Just Chatting, Minecraft, VRChat",https://sullygnome.com/channel/stream/40335759726
40347785582,2020-11-04T23:34:01Z,22260,1173,2501,-5,"Just Chatting, Minecraft, VRChat",https://sullygnome.com/channel/stream/40347785582
40359421822,2020-11-05T23:00:07Z,29700,901,1071,-25,"Just Chatting, Harvester, VRChat",https://sullygnome.com/channel/stream/40359421822
40373348702,2020-11-07T00:00:55Z,27900,1051,1796,104,"Just Chatting, VRChat",https://sullygnome.com/channel/stream/40373348702
40402040670,2020-11-08T23:04:00Z,48360,1537,4508,46,"Just Chatting, VRChat, World of Warcraft",https://sullygnome.com/channel/stream/40402040670
40413850958,2020-11-09T23:05:44Z,31200,1216,1920,-7,"Just Chatting, Persona 4, World of Warcraft",https://sullygnome.com/channel/stream/40413850958
40421032142,2020-11-10T08:15:00Z,17100,1327,1755,12,"World of Warcraft, Just Chatting",https://sullygnome.com/channel/stream/40421032142
40427239646,2020-11-10T23:15:00Z,39600,650,1765,52,"Just Chatting, Superliminal, VRChat",https://sullygnome.com/channel/stream/40427239646
40441798926,2020-11-11T23:02:20Z,23280,1542,3827,60,"Just Chatting, VRChat",https://sullygnome.com/channel/stream/40441798926
40455594078,2020-11-12T23:04:18Z,37560,1104,1428,24,"Just Chatting, VRChat, Yakuza: Like a Dragon, Phasmophobia",https://sullygnome.com/channel/stream/40455594078
40471343534,2020-11-13T23:05:03Z,33000,1123,1702,24,"Just Chatting, Yakuza: Like a Dragon, VRChat",https://sullygnome.com/channel/stream/40471343534
40489404142,2020-11-15T00:03:37Z,26820,1532,2256,53,"Just Chatting, VRChat",https://sullygnome.com/channel/stream/40489404142
40504626686,2020-11-15T23:05:19Z,21300,1133,1343,-9,"Just Chatting, Yakuza: Like a Dragon",https://sullygnome.com/channel/stream/40504626686
40518810558,2020-11-16T23:05:55Z,18600,1327,2505,22,Just Chatting,https://sullygnome.com/channel/stream/40518810558
40545153726,2020-11-18T04:47:55Z,17880,1030,1252,-11,"Just Chatting, Yakuza: Like a Dragon",https://sullygnome.com/channel/stream/40545153726
40555745486,2020-11-18T23:15:43Z,27900,1063,1302,144,"Just Chatting, Among Us, Yakuza: Like a Dragon",https://sullygnome.com/channel/stream/40555745486
40573189230,2020-11-19T23:11:58Z,30840,1353,2103,17,"Five Dates, Dungeons &amp; Dragons, Just Chatting, VRChat",https://sullygnome.com/channel/stream/40573189230
40593395166,2020-11-21T00:35:59Z,22200,1146,1352,7,"VRChat, Just Chatting",https://sullygnome.com/channel/stream/40593395166
40636529294,2020-11-22T23:02:51Z,31380,1343,1741,27,"Among Us, VRChat, Just Chatting",https://sullygnome.com/channel/stream/40636529294
40656440046,2020-11-23T23:16:31Z,30540,1042,1243,1,"Just Chatting, World of Warcraft",https://sullygnome.com/channel/stream/40656440046
40671405406,2020-11-24T23:04:43Z,42960,1253,2251,85,"Just Chatting, Yakuza: Like a Dragon",https://sullygnome.com/channel/stream/40671405406
40686997246,2020-11-25T23:45:49Z,8100,1128,1456,-1,Just Chatting,https://sullygnome.com/channel/stream/40686997246
40691537886,2020-11-26T04:04:05Z,14160,852,1175,1,"Just Chatting, Dungeons &amp; Dragons",https://sullygnome.com/channel/stream/40691537886
40717563134,2020-11-28T01:56:24Z,24540,1330,3272,82,VRChat,https://sullygnome.com/channel/stream/40717563134
40730774014,2020-11-28T23:32:23Z,22380,1480,1786,47,"Just Chatting, VRChat",https://sullygnome.com/channel/stream/40730774014
40745917182,2020-11-29T23:36:54Z,39240,1324,2076,78,"Just Chatting, VRChat",https://sullygnome.com/channel/stream/40745917182
40759552958,2020-12-01T00:13:00Z,2820,633,1008,-5,Just Chatting,https://sullygnome.com/channel/stream/40759552958
40777831102,2020-12-02T02:30:26Z,27900,935,1231,2,"Just Chatting, Megajump, Teardown, Watch Parties",https://sullygnome.com/channel/stream/40777831102
40788701294,2020-12-02T23:05:50Z,31200,1299,2145,1,"Just Chatting, VRChat",https://sullygnome.com/channel/stream/40788701294
40802543886,2020-12-03T23:16:03Z,27840,1265,1494,2,"Just Chatting, Phasmophobia",https://sullygnome.com/channel/stream/40802543886
40817476558,2020-12-05T00:09:42Z,38160,1387,2862,33,"Just Chatting, Teardown, VRChat",https://sullygnome.com/channel/stream/40817476558
40860954366,2020-12-07T23:06:09Z,22140,1408,1852,28,"Just Chatting, VRChat",https://sullygnome.com/channel/stream/40860954366
40874948782,2020-12-08T23:23:34Z,6720,872,1209,3,VRChat,https://sullygnome.com/channel/stream/40874948782
40877031646,2020-12-09T01:45:00Z,11700,1203,1307,5,VRChat,https://sullygnome.com/channel/stream/40877031646
40889884974,2020-12-10T00:07:02Z,34680,1003,1179,-39,"Just Chatting, Cyberpunk 2077, VRChat",https://sullygnome.com/channel/stream/40889884974
40905457966,2020-12-11T00:08:08Z,22920,1023,1242,12,VRChat,https://sullygnome.com/channel/stream/40905457966
40918807934,2020-12-11T23:15:44Z,36900,1138,1301,4,"Just Chatting, VRChat",https://sullygnome.com/channel/stream/40918807934
40934777950,2020-12-13T01:43:16Z,20820,1153,1427,9,"Just Chatting, VRChat, Dungeons &amp; Dragons",https://sullygnome.com/channel/stream/40934777950
40940951214,2020-12-13T11:17:02Z,16080,1172,1584,13,"Just Chatting, Cyberpunk 2077",https://sullygnome.com/channel/stream/40940951214
40952934958,2020-12-14T11:33:10Z,14220,1565,2451,49,Just Chatting,https://sullygnome.com/channel/stream/40952934958
40957682078,2020-12-14T23:30:09Z,22500,1272,1575,2,"Just Chatting, VRChat",https://sullygnome.com/channel/stream/40957682078
40963875054,2020-12-15T11:30:39Z,13500,1326,1750,42,Just Chatting,https://sullygnome.com/channel/stream/40963875054
40969794526,2020-12-16T01:33:08Z,28620,1075,1236,39,"Just Chatting, VRChat",https://sullygnome.com/channel/stream/40969794526
39892987229,2020-12-16T23:42:14Z,18180,1158,1601,36,Just Chatting,https://sullygnome.com/channel/stream/39892987229
40985552062,2020-12-17T10:41:54Z,15540,1577,2469,18,Just Chatting,https://sullygnome.com/channel/stream/40985552062
40991088446,2020-12-18T00:47:37Z,24180,907,1048,-3,"Just Chatting, Back 4 Blood, VRChat",https://sullygnome.com/channel/stream/40991088446
41005634862,2020-12-19T05:00:00Z,21600,1184,1801,74,VRChat,https://sullygnome.com/channel/stream/41005634862
41015991934,2020-12-20T03:24:33Z,34560,1523,2155,74,"Just Chatting, Rubber Bandits, VRChat",https://sullygnome.com/channel/stream/41015991934
41030704126,2020-12-21T10:45:39Z,17100,1138,1472,33,"Just Chatting, Diablo II, Age of Empires II",https://sullygnome.com/channel/stream/41030704126
41036367726,2020-12-22T00:35:45Z,45600,1198,2634,71,"Just Chatting, Tanuki Sunset, VRChat",https://sullygnome.com/channel/stream/41036367726
41047350222,2020-12-23T00:12:22Z,30780,1097,1597,29,"Just Chatting, VRChat",https://sullygnome.com/channel/stream/41047350222
41059201310,2020-12-24T01:12:48Z,39780,1192,1637,76,Just Chatting,https://sullygnome.com/channel/stream/41059201310
41069877774,2020-12-25T02:07:07Z,25680,1023,1241,38,"Just Chatting, VRChat",https://sullygnome.com/channel/stream/41069877774
41091487822,2020-12-27T03:02:18Z,21480,1322,1987,64,"Just Chatting, VRChat",https://sullygnome.com/channel/stream/41091487822
41106251310,2020-12-28T06:41:09Z,7440,589,803,6,"Just Chatting, Clustertruck",https://sullygnome.com/channel/stream/41106251310
41110479038,2020-12-28T19:11:49Z,13740,732,859,-24,"Just Chatting, Clustertruck",https://sullygnome.com/channel/stream/41110479038
41116304142,2020-12-29T03:25:45Z,20100,957,1271,13,"Just Chatting, VRChat",https://sullygnome.com/channel/stream/41116304142
41126458158,2020-12-30T00:44:45Z,10860,978,1334,1,"VRChat, Clustertruck, Vicewave, Just Chatting",https://sullygnome.com/channel/stream/41126458158
41131685726,2020-12-30T07:39:50Z,12060,1109,2045,46,VRChat,https://sullygnome.com/channel/stream/41131685726
41137577310,2020-12-30T22:49:18Z,39360,1662,2728,1150,"Just Chatting, Rust, Jackbox Party Packs",https://sullygnome.com/channel/stream/41137577310
41150505470,2020-12-31T23:27:44Z,33480,1898,2899,797,"Rust, VRChat",https://sullygnome.com/channel/stream/41150505470
41162002958,2021-01-01T23:47:33Z,47580,2531,4526,1403,Rust,https://sullygnome.com/channel/stream/41162002958
41172766254,2021-01-02T22:20:28Z,46500,3573,7334,1969,Rust,https://sullygnome.com/channel/stream/41172766254
41185766766,2021-01-03T23:44:49Z,50460,4054,7562,3491,"Rust, Just Chatting",https://sullygnome.com/channel/stream/41185766766
41197081726,2021-01-04T23:54:53Z,38160,3509,5738,1647,Rust,https://sullygnome.com/channel/stream/41197081726
41209664462,2021-01-06T01:08:02Z,41820,2939,4130,1760,"Just Chatting, Monopoly Plus, Rust",https://sullygnome.com/channel/stream/41209664462
41221716478,2021-01-07T01:42:33Z,42480,2796,6473,1167,"Just Chatting, Rust",https://sullygnome.com/channel/stream/41221716478
41231463486,2021-01-07T23:23:43Z,42720,2554,2970,1268,"Just Chatting, Rust",https://sullygnome.com/channel/stream/41231463486
41243891598,2021-01-08T23:56:02Z,53340,3098,5292,1586,Rust,https://sullygnome.com/channel/stream/41243891598
41256256894,2021-01-09T23:11:52Z,41640,3131,4968,1043,Rust,https://sullygnome.com/channel/stream/41256256894
41266830814,2021-01-10T20:24:12Z,54360,3251,4609,1032,Rust,https://sullygnome.com/channel/stream/41266830814
41282873518,2021-01-12T03:47:10Z,10680,2110,2510,268,Rust,https://sullygnome.com/channel/stream/41282873518
41287848638,2021-01-12T19:17:58Z,61080,4233,6220,1584,Rust,https://sullygnome.com/channel/stream/41287848638
41302472206,2021-01-13T23:30:42Z,24300,4688,5791,562,Rust,https://sullygnome.com/channel/stream/41302472206
41308205742,2021-01-14T07:32:27Z,16080,5334,8879,766,Rust,https://sullygnome.com/channel/stream/41308205742
41313949406,2021-01-14T22:45:25Z,40500,3842,4840,1031,Rust,https://sullygnome.com/channel/stream/41313949406
41324957374,2021-01-15T20:29:41Z,45960,4191,8087,1002,Rust,https://sullygnome.com/channel/stream/41324957374
41342068734,2021-01-17T00:11:16Z,9240,2345,3486,201,Rust,https://sullygnome.com/channel/stream/41342068734
41356765742,2021-01-18T01:48:34Z,35820,2817,3707,416,"Rust, Just Chatting",https://sullygnome.com/channel/stream/41356765742
41365296846,2021-01-18T19:53:58Z,42720,4722,5866,1009,Rust,https://sullygnome.com/channel/stream/41365296846
41379180094,2021-01-19T22:41:48Z,35340,3618,4496,715,"Rust, Just Chatting",https://sullygnome.com/channel/stream/41379180094
41386646094,2021-01-20T11:27:10Z,11880,6105,8793,726,Rust,https://sullygnome.com/channel/stream/41386646094
41393167230,2021-01-21T00:31:10Z,42240,2842,3544,482,"Rust, HITMAN 3",https://sullygnome.com/channel/stream/41393167230
41404404046,2021-01-21T23:21:57Z,39240,1989,2662,351,"Just Chatting, HITMAN 3",https://sullygnome.com/channel/stream/41404404046
41419915118,2021-01-23T02:43:53Z,20820,2239,2688,212,"Just Chatting, Rust, VRChat",https://sullygnome.com/channel/stream/41419915118
41429049326,2021-01-23T20:14:07Z,51360,3604,5264,585,Rust,https://sullygnome.com/channel/stream/41429049326
41443505614,2021-01-24T22:09:37Z,44460,2634,3128,250,Rust,https://sullygnome.com/channel/stream/41443505614
41456582734,2021-01-25T23:32:26Z,25080,2546,3150,242,"Rust, Super Mario 64",https://sullygnome.com/channel/stream/41456582734
41471531310,2021-01-27T00:33:23Z,45720,2230,2674,286,"Rust, Super Mario 64",https://sullygnome.com/channel/stream/41471531310
41484078318,2021-01-27T23:57:49Z,18180,1645,2490,234,Super Mario 64,https://sullygnome.com/channel/stream/41484078318
41489566990,2021-01-28T07:15:59Z,25200,1855,3253,197,"Super Mario 64, Just Chatting",https://sullygnome.com/channel/stream/41489566990
41498402830,2021-01-29T02:10:23Z,32700,2610,4530,877,Just Chatting,https://sullygnome.com/channel/stream/41498402830
41512116286,2021-01-30T03:06:06Z,28440,1913,3603,224,"Just Chatting, Super Mario 64, Unrailed!, VRChat",https://sullygnome.com/channel/stream/41512116286
41532795438,2021-01-31T16:51:54Z,35640,3588,8476,923,"Just Chatting, Super Mario 64",https://sullygnome.com/channel/stream/41532795438
41547814238,2021-02-01T21:54:23Z,39060,1905,2870,489,Just Chatting,https://sullygnome.com/channel/stream/41547814238
41558701166,2021-02-02T21:27:05Z,30780,2948,12359,694,"Just Chatting, Super Mario 64",https://sullygnome.com/channel/stream/41558701166
41575902926,2021-02-04T04:52:25Z,18480,1759,2639,196,"Just Chatting, Valheim, Mario Kart 64, Super Mario 64",https://sullygnome.com/channel/stream/41575902926
41583272414,2021-02-04T23:34:45Z,38460,2487,5332,487,"Just Chatting, Super Mario 64, Grand Theft Auto V",https://sullygnome.com/channel/stream/41583272414
41594092718,2021-02-05T21:41:56Z,38940,2802,4093,1159,Grand Theft Auto V,https://sullygnome.com/channel/stream/41594092718
41608783390,2021-02-06T22:41:53Z,32640,4047,7865,1043,Grand Theft Auto V,https://sullygnome.com/channel/stream/41608783390
41619958734,2021-02-07T19:36:10Z,59040,5103,9118,1995,Grand Theft Auto V,https://sullygnome.com/channel/stream/41619958734
41634475166,2021-02-09T00:57:54Z,31680,4631,15253,1010,Grand Theft Auto V,https://sullygnome.com/channel/stream/41634475166
41641765182,2021-02-09T18:29:56Z,52260,4332,13614,2535,"Grand Theft Auto V, Just Chatting, Super Seducer 3, Super Mario 64",https://sullygnome.com/channel/stream/41641765182
41655115310,2021-02-10T21:03:53Z,28620,2938,4481,422,Grand Theft Auto V,https://sullygnome.com/channel/stream/41655115310
41662114462,2021-02-11T06:29:48Z,11760,1540,1810,137,"Grand Theft Auto V, Just Chatting",https://sullygnome.com/channel/stream/41662114462
41680371070,2021-02-12T22:45:00Z,12600,2700,4697,241,"Just Chatting, Grand Theft Auto V",https://sullygnome.com/channel/stream/41680371070
41692259998,2021-02-13T19:30:04Z,40500,3422,5095,1249,"Grand Theft Auto V, Just Chatting",https://sullygnome.com/channel/stream/41692259998
41708739166,2021-02-15T00:18:15Z,9720,7361,10770,624,Just Chatting,https://sullygnome.com/channel/stream/41708739166
41717625214,2021-02-15T19:26:24Z,14640,2379,3037,271,Grand Theft Auto V,https://sullygnome.com/channel/stream/41717625214
41733556526,2021-02-17T01:18:23Z,5220,5751,9014,397,Just Chatting,https://sullygnome.com/channel/stream/41733556526
41767492222,2021-02-19T21:59:39Z,28860,3263,9449,513,"Just Chatting, Special Events, Super Seducer 3",https://sullygnome.com/channel/stream/41767492222
41780476974,2021-02-20T20:57:38Z,33480,2354,4396,712,"Grand Theft Auto V, Just Chatting",https://sullygnome.com/channel/stream/41780476974
41792007982,2021-02-21T18:45:24Z,18900,3757,4511,586,"Just Chatting, Grand Theft Auto V",https://sullygnome.com/channel/stream/41792007982
41796871710,2021-02-22T01:53:54Z,11220,1392,2186,111,"Just Chatting, Grand Theft Auto V",https://sullygnome.com/channel/stream/41796871710
41802665150,2021-02-22T17:49:14Z,47460,3589,5114,994,"Just Chatting, Grand Theft Auto V",https://sullygnome.com/channel/stream/41802665150
41815092910,2021-02-23T20:44:15Z,33360,2600,3710,529,"Just Chatting, Grand Theft Auto V",https://sullygnome.com/channel/stream/41815092910
41825333726,2021-02-24T18:36:30Z,56340,3293,4989,1221,"Just Chatting, Grand Theft Auto V",https://sullygnome.com/channel/stream/41825333726
41837933806,2021-02-25T20:39:19Z,36360,2228,3615,509,Just Chatting,https://sullygnome.com/channel/stream/41837933806
41848554270,2021-02-26T20:06:56Z,45540,2122,3615,410,"Just Chatting, Grand Theft Auto V, VRChat",https://sullygnome.com/channel/stream/41848554270
41867110542,2021-02-28T03:51:31Z,18540,1631,2492,95,"Just Chatting, Hellish Quart, The Convenience Store",https://sullygnome.com/channel/stream/41867110542
41875446558,2021-02-28T22:05:12Z,39300,2035,3397,407,"Just Chatting, The Convenience Store, Grand Theft Auto V, DEVOUR",https://sullygnome.com/channel/stream/41875446558
40815143517,2021-03-01T20:18:43Z,43020,3583,13079,1089,"Just Chatting, Grand Theft Auto V",https://sullygnome.com/channel/stream/40815143517
40833922205,2021-03-02T20:07:01Z,37380,1673,2375,184,"Bloons TD 6, Just Chatting, Super Mario 64, Grand Theft Auto V",https://sullygnome.com/channel/stream/40833922205
40844761293,2021-03-03T07:37:12Z,5880,1385,2243,182,Grand Theft Auto V,https://sullygnome.com/channel/stream/40844761293
40853165277,2021-03-03T19:33:26Z,41220,3244,5117,838,Just Chatting,https://sullygnome.com/channel/stream/40853165277
40878738525,2021-03-05T00:52:52Z,34680,2768,4418,614,"Grand Theft Auto V, Just Chatting",https://sullygnome.com/channel/stream/40878738525
41899555502,2021-03-07T03:32:20Z,16980,2530,3373,229,Just Chatting,https://sullygnome.com/channel/stream/41899555502
41905145534,2021-03-07T17:53:15Z,46320,3641,5657,1057,"Just Chatting, Grand Theft Auto V",https://sullygnome.com/channel/stream/41905145534
41918312734,2021-03-08T22:57:07Z,34380,4059,8285,1706,"Just Chatting, Grand Theft Auto V",https://sullygnome.com/channel/stream/41918312734
41936291278,2021-03-10T17:53:45Z,42720,3958,10538,1329,"Just Chatting, Grand Theft Auto V",https://sullygnome.com/channel/stream/41936291278
41946600878,2021-03-11T18:03:08Z,47520,3013,5861,962,"Just Chatting, Grand Theft Auto V, The Elder Scrolls V: Skyrim",https://sullygnome.com/channel/stream/41946600878
41958601118,2021-03-12T19:51:02Z,15840,3761,12382,728,"Just Chatting, Grand Theft Auto V",https://sullygnome.com/channel/stream/41958601118
41005390141,2021-03-14T02:45:33Z,34200,3026,4425,613,"Just Chatting, The Elder Scrolls V: Skyrim",https://sullygnome.com/channel/stream/41005390141
41982807726,2021-03-14T21:51:41Z,33840,2887,6951,630,"Just Chatting, The Elder Scrolls V: Skyrim",https://sullygnome.com/channel/stream/41982807726
41990258046,2021-03-15T17:20:06Z,14100,1956,2553,182,"Just Chatting, The Elder Scrolls V: Skyrim",https://sullygnome.com/channel/stream/41990258046
42001404046,2021-03-16T18:12:04Z,41580,1870,3782,763,Just Chatting,https://sullygnome.com/channel/stream/42001404046
42014324414,2021-03-17T22:00:13Z,36000,1575,2077,258,"Just Chatting, The Elder Scrolls V: Skyrim",https://sullygnome.com/channel/stream/42014324414
42021580798,2021-03-18T17:13:42Z,5520,1083,2026,41,"Just Chatting, Grand Theft Auto V",https://sullygnome.com/channel/stream/42021580798
42025117870,2021-03-18T22:47:36Z,32280,1971,3060,522,"Just Chatting, Grand Theft Auto V, The Elder Scrolls V: Skyrim",https://sullygnome.com/channel/stream/42025117870
42060249230,2021-03-22T00:36:20Z,14040,1832,2572,80,Just Chatting,https://sullygnome.com/channel/stream/42060249230
42065926942,2021-03-22T17:51:10Z,37440,1753,3840,214,"Just Chatting, Grand Theft Auto V, The Elder Scrolls V: Skyrim",https://sullygnome.com/channel/stream/42065926942
42080055166,2021-03-23T21:27:56Z,12780,1247,2060,24,"Just Chatting, Grand Theft Auto V, The Elder Scrolls V: Skyrim",https://sullygnome.com/channel/stream/42080055166
41139063341,2021-03-24T02:29:00Z,12660,780,1053,17,"Grand Theft Auto V, The Elder Scrolls V: Skyrim",https://sullygnome.com/channel/stream/41139063341
42092154542,2021-03-24T21:55:53Z,29100,1362,1997,53,"Just Chatting, Ranch Simulator, Grand Theft Auto V, The Elder Scrolls V: Skyrim",https://sullygnome.com/channel/stream/42092154542
42100107550,2021-03-25T17:35:54Z,50100,1756,6552,517,"Just Chatting, ALTF4, The Universim, Grand Theft Auto V",https://sullygnome.com/channel/stream/42100107550
42114896062,2021-03-26T22:01:18Z,26040,1249,2967,175,"Just Chatting, ALTF4, Grand Theft Auto V, VRChat",https://sullygnome.com/channel/stream/42114896062
42136765758,2021-03-28T19:13:01Z,25320,1560,2129,165,"Just Chatting, Grand Theft Auto V",https://sullygnome.com/channel/stream/42136765758
42150239230,2021-03-29T23:15:11Z,20700,1396,2172,175,"Just Chatting, Grand Theft Auto V, Ranch Simulator, OBEY, SCP: Terminal, Friday the 13th: The Game, Can't Drive This",https://sullygnome.com/channel/stream/42150239230
42157184190,2021-03-30T17:21:07Z,45540,1699,2520,242,"Just Chatting, Grand Theft Auto V, Happy's Humble Burger Farm",https://sullygnome.com/channel/stream/42157184190
42168279566,2021-03-31T17:34:20Z,23160,2498,4157,705,"Just Chatting, Grand Theft Auto V",https://sullygnome.com/channel/stream/42168279566
41261831645,2021-04-02T02:30:51Z,13500,1848,2276,177,Just Chatting,https://sullygnome.com/channel/stream/41261831645
42190351934,2021-04-02T17:05:41Z,11400,2160,3353,156,"Just Chatting, Grand Theft Auto V",https://sullygnome.com/channel/stream/42190351934
42194918222,2021-04-02T23:29:08Z,22560,1437,3960,279,"Just Chatting, Grand Theft Auto V, Star Wars: Jedi Knight - Jedi Academy",https://sullygnome.com/channel/stream/42194918222
42214037742,2021-04-04T18:53:58Z,49020,3639,6858,1218,"Just Chatting, Grand Theft Auto V, ALTF4, Star Wars: Jedi Knight - Jedi Academy, Ranch Simulator",https://sullygnome.com/channel/stream/42214037742
42223886126,2021-04-05T18:26:35Z,49740,4309,18801,2550,"Just Chatting, Grand Theft Auto V, Sea of Thieves",https://sullygnome.com/channel/stream/42223886126
42234667070,2021-04-06T18:47:51Z,34980,2379,3819,558,"Just Chatting, Grand Theft Auto V",https://sullygnome.com/channel/stream/42234667070
42245824222,2021-04-07T19:37:40Z,61680,3104,7728,1840,"Just Chatting, Grand Theft Auto V, Sea of Thieves, For the King",https://sullygnome.com/channel/stream/42245824222
41354144365,2021-04-09T01:05:38Z,33900,2509,5441,1979,"Just Chatting, Grand Theft Auto V, Sea of Thieves",https://sullygnome.com/channel/stream/41354144365
42292002702,2021-04-12T00:40:04Z,32700,4212,5321,1254,"Just Chatting, Sea of Thieves",https://sullygnome.com/channel/stream/42292002702
42300836366,2021-04-12T23:08:59Z,27420,2764,4289,1571,"Just Chatting, Sea of Thieves",https://sullygnome.com/channel/stream/42300836366
41422083565,2021-04-14T03:30:15Z,13500,2507,2982,580,"Just Chatting, Sea of Thieves",https://sullygnome.com/channel/stream/41422083565
42320112718,2021-04-14T21:05:09Z,20400,1824,2417,284,"Just Chatting, Hobo: Tough Life, Sea of Thieves, Grand Theft Auto V",https://sullygnome.com/channel/stream/42320112718
42332551166,2021-04-16T00:25:52Z,24600,1343,2143,305,"Sea of Thieves, Just Chatting",https://sullygnome.com/channel/stream/42332551166
42341005870,2021-04-16T21:01:41Z,24240,2722,7712,479,"Just Chatting, Sea of Thieves, Grand Theft Auto V",https://sullygnome.com/channel/stream/42341005870
42353914926,2021-04-17T23:08:05Z,10320,1380,1979,284,"Just Chatting, MORDHAU",https://sullygnome.com/channel/stream/42353914926
42365034302,2021-04-18T23:38:53Z,25620,2206,3437,739,"Just Chatting, Grand Theft Auto V, MORDHAU",https://sullygnome.com/channel/stream/42365034302
41493810157,2021-04-19T18:48:31Z,7920,1955,2363,66,"Just Chatting, Rolled Out!, Sea of Thieves",https://sullygnome.com/channel/stream/41493810157
41519278205,2021-04-21T17:28:34Z,34320,2335,3475,404,"Just Chatting, Sea of Thieves",https://sullygnome.com/channel/stream/41519278205
41534537677,2021-04-22T18:32:29Z,34080,1938,2857,264,"Just Chatting, Sea of Thieves",https://sullygnome.com/channel/stream/41534537677
41565121469,2021-04-24T20:59:43Z,18960,1542,2512,140,"Just Chatting, Sea of Thieves",https://sullygnome.com/channel/stream/41565121469
41579670125,2021-04-25T22:21:18Z,26640,1653,2662,297,"Just Chatting, Sea of Thieves, The Door in the Basement, Chivalry 2",https://sullygnome.com/channel/stream/41579670125
41589192173,2021-04-26T19:17:50Z,12480,1343,1907,56,Just Chatting,https://sullygnome.com/channel/stream/41589192173
41594116301,2021-04-27T02:34:53Z,21360,1763,2688,365,"Just Chatting, Sea of Thieves",https://sullygnome.com/channel/stream/41594116301
41607055325,2021-04-28T04:36:36Z,14940,3175,4248,230,Just Chatting,https://sullygnome.com/channel/stream/41607055325
41615181869,2021-04-28T21:59:57Z,44160,1871,3629,518,"Just Chatting, DayZ",https://sullygnome.com/channel/stream/41615181869
41639165517,2021-04-30T19:04:29Z,28560,1551,2135,309,"Just Chatting, DayZ",https://sullygnome.com/channel/stream/41639165517
41645963085,2021-05-01T03:14:19Z,15360,1476,1901,147,"DayZ, VRChat",https://sullygnome.com/channel/stream/41645963085
41671495773,2021-05-02T21:14:02Z,38760,1811,2702,583,"Just Chatting, 7 Days to Die, Valheim, DayZ",https://sullygnome.com/channel/stream/41671495773
41701817213,2021-05-04T21:16:18Z,32340,1235,1976,66,"Just Chatting, DayZ",https://sullygnome.com/channel/stream/41701817213
41716841277,2021-05-05T19:18:41Z,15120,839,1140,21,"Just Chatting, Sea of Thieves",https://sullygnome.com/channel/stream/41716841277
41723357725,2021-05-06T01:52:32Z,17580,1652,2505,173,"Just Chatting, Grand Theft Auto V",https://sullygnome.com/channel/stream/41723357725
41737827837,2021-05-07T00:04:43Z,23160,1709,3172,198,"Just Chatting, Grand Theft Auto V, Music",https://sullygnome.com/channel/stream/41737827837
41748053453,2021-05-07T17:16:00Z,24240,1079,1559,39,"Music, Just Chatting, Resident Evil Village",https://sullygnome.com/channel/stream/41748053453
41768253949,2021-05-08T17:54:01Z,11160,1073,1410,38,"Just Chatting, Resident Evil Village",https://sullygnome.com/channel/stream/41768253949
41772027501,2021-05-08T21:12:53Z,31680,1895,4687,1052,"Resident Evil Village, Just Chatting, Grand Theft Auto V",https://sullygnome.com/channel/stream/41772027501
41789932573,2021-05-09T21:28:14Z,30720,5023,8238,1711,Grand Theft Auto V,https://sullygnome.com/channel/stream/41789932573
41805630877,2021-05-10T22:16:27Z,35040,5561,9481,2101,Grand Theft Auto V,https://sullygnome.com/channel/stream/41805630877
41817028957,2021-05-11T17:41:35Z,33540,3701,7901,1204,Grand Theft Auto V,https://sullygnome.com/channel/stream/41817028957
41836155117,2021-05-12T20:07:50Z,40080,3637,8521,3648,Grand Theft Auto V,https://sullygnome.com/channel/stream/41836155117
41852689069,2021-05-13T19:46:42Z,41340,5324,9394,2049,Grand Theft Auto V,https://sullygnome.com/channel/stream/41852689069
41869758413,2021-05-14T19:38:14Z,31020,2311,4094,1294,Grand Theft Auto V,https://sullygnome.com/channel/stream/41869758413
41891029613,2021-05-15T21:24:19Z,21960,2724,4111,800,Grand Theft Auto V,https://sullygnome.com/channel/stream/41891029613
41907341037,2021-05-16T19:28:04Z,37020,2926,5706,1260,Grand Theft Auto V,https://sullygnome.com/channel/stream/41907341037
41941886861,2021-05-18T23:04:13Z,19560,2350,3261,514,Grand Theft Auto V,https://sullygnome.com/channel/stream/41941886861
41952957629,2021-05-19T17:50:24Z,39300,4096,8423,1598,Grand Theft Auto V,https://sullygnome.com/channel/stream/41952957629
41969262973,2021-05-20T18:37:28Z,40980,2912,5832,1132,Grand Theft Auto V,https://sullygnome.com/channel/stream/41969262973
41985798717,2021-05-21T18:50:06Z,12300,2245,3164,245,Grand Theft Auto V,https://sullygnome.com/channel/stream/41985798717
42006591677,2021-05-22T20:57:45Z,15480,2472,3293,421,Grand Theft Auto V,https://sullygnome.com/channel/stream/42006591677
42037133661,2021-05-24T18:35:15Z,40200,2564,3841,836,Grand Theft Auto V,https://sullygnome.com/channel/stream/42037133661
42052665021,2021-05-25T18:27:26Z,15480,3213,6102,416,Grand Theft Auto V,https://sullygnome.com/channel/stream/42052665021
42098949053,2021-05-28T18:05:31Z,13200,4337,5712,962,Grand Theft Auto V,https://sullygnome.com/channel/stream/42098949053
42163093549,2021-06-01T17:58:07Z,28920,3526,5337,1243,Grand Theft Auto V,https://sullygnome.com/channel/stream/42163093549
42179568141,2021-06-02T18:14:07Z,23460,2449,3061,499,Grand Theft Auto V,https://sullygnome.com/channel/stream/42179568141
42196001709,2021-06-03T18:07:28Z,18480,2484,4112,450,Grand Theft Auto V,https://sullygnome.com/channel/stream/42196001709
42220204269,2021-06-05T02:20:43Z,10500,4535,8030,623,Just Chatting,https://sullygnome.com/channel/stream/42220204269
42262362893,2021-06-07T19:20:08Z,36600,2870,7935,1229,"Just Chatting, Grand Theft Auto V",https://sullygnome.com/channel/stream/42262362893
42285378589,2021-06-09T03:00:57Z,9900,1847,2084,201,Just Chatting,https://sullygnome.com/channel/stream/42285378589
42294864429,2021-06-09T20:15:00Z,29700,3222,6517,751,Grand Theft Auto V,https://sullygnome.com/channel/stream/42294864429
42307775549,2021-06-10T17:18:35Z,38520,2880,4794,835,Grand Theft Auto V,https://sullygnome.com/channel/stream/42307775549
42328068317,2021-06-11T22:15:01Z,23400,2448,4118,562,Grand Theft Auto V,https://sullygnome.com/channel/stream/42328068317
42361557533,2021-06-13T22:35:47Z,21300,4215,14869,977,"Grand Theft Auto V, Just Chatting",https://sullygnome.com/channel/stream/42361557533
42371129629,2021-06-14T16:24:39Z,15660,2677,4081,133,Just Chatting,https://sullygnome.com/channel/stream/42371129629
42392014013,2021-06-15T22:52:03Z,30180,1873,2650,331,Just Chatting,https://sullygnome.com/channel/stream/42392014013
42412722973,2021-06-17T04:37:14Z,15780,2573,4124,299,"Grand Theft Auto V, Just Chatting",https://sullygnome.com/channel/stream/42412722973
42451469965,2021-06-19T18:24:22Z,16560,2343,3140,357,"Grand Theft Auto V, Just Chatting",https://sullygnome.com/channel/stream/42451469965
42469048829,2021-06-20T21:08:04Z,24720,3000,3960,946,"Just Chatting, Monopoly Plus",https://sullygnome.com/channel/stream/42469048829
42480267005,2021-06-21T17:41:17Z,18240,3168,5885,459,Grand Theft Auto V,https://sullygnome.com/channel/stream/42480267005
42496346701,2021-06-22T18:24:10Z,14760,1303,2133,234,"Grand Theft Auto V, Dungeons &amp; Dragons: Dark Alliance",https://sullygnome.com/channel/stream/42496346701
42504437805,2021-06-23T03:15:12Z,19800,2914,5075,385,Just Chatting,https://sullygnome.com/channel/stream/42504437805
42511228557,2021-06-23T17:29:40Z,40560,2762,5079,474,"Grand Theft Auto V, Dungeons &amp; Dragons, Just Chatting",https://sullygnome.com/channel/stream/42511228557
42527162285,2021-06-24T17:42:35Z,37080,5748,16513,1458,"Grand Theft Auto V, Just Chatting",https://sullygnome.com/channel/stream/42527162285
42545862269,2021-06-25T19:47:45Z,18780,2603,4350,709,Grand Theft Auto V,https://sullygnome.com/channel/stream/42545862269
42592901629,2021-06-28T18:11:47Z,17340,2368,3226,282,Just Chatting,https://sullygnome.com/channel/stream/42592901629
42611505981,2021-06-29T22:05:28Z,33900,2604,8733,416,Just Chatting,https://sullygnome.com/channel/stream/42611505981
39588198603,2021-06-30T21:47:06Z,11580,1590,2814,84,"Just Chatting, Dungeons &amp; Dragons",https://sullygnome.com/channel/stream/39588198603
42658805677,2021-07-02T22:35:34Z,17700,1485,3568,310,Grand Theft Auto V,https://sullygnome.com/channel/stream/42658805677
39611512843,2021-07-05T19:18:02Z,49320,4167,6681,1373,Rust,https://sullygnome.com/channel/stream/39611512843
39616432875,2021-07-06T19:43:18Z,37020,3291,4196,613,Rust,https://sullygnome.com/channel/stream/39616432875
42728312813,2021-07-07T18:56:05Z,32640,2040,3111,265,"Rust, Dungeons &amp; Dragons",https://sullygnome.com/channel/stream/42728312813
42751254893,2021-07-09T04:01:34Z,20640,3107,6774,318,Rust,https://sullygnome.com/channel/stream/42751254893
42789851741,2021-07-11T23:36:44Z,12240,1872,2977,136,Just Chatting,https://sullygnome.com/channel/stream/42789851741
42805975581,2021-07-13T02:10:50Z,30000,2744,3758,550,"Just Chatting, Muck",https://sullygnome.com/channel/stream/42805975581
42833798221,2021-07-15T01:01:19Z,25140,2467,3799,309,Just Chatting,https://sullygnome.com/channel/stream/42833798221
42843416893,2021-07-15T18:54:28Z,44460,10165,17383,5795,Rust,https://sullygnome.com/channel/stream/42843416893
42857816893,2021-07-16T18:29:31Z,30660,18836,28864,2353,Rust,https://sullygnome.com/channel/stream/42857816893
42871500157,2021-07-17T16:26:57Z,31740,21622,34169,3564,Rust,https://sullygnome.com/channel/stream/42871500157
42886495149,2021-07-18T17:45:49Z,22500,15633,21629,1245,Rust,https://sullygnome.com/channel/stream/42886495149
39679372555,2021-07-19T20:28:02Z,46020,10036,15675,2408,"Just Chatting, Rust",https://sullygnome.com/channel/stream/39679372555
42934543181,2021-07-21T22:15:48Z,10800,1438,1845,314,"Just Chatting, Ghost Exorcism Inc.",https://sullygnome.com/channel/stream/42934543181
42962700829,2021-07-23T20:40:24Z,18300,2075,2956,1262,"Just Chatting, Haunt Chaser, Olympic Games Tokyo 2020: The Official Video Game",https://sullygnome.com/channel/stream/42962700829
39712455339,2021-07-25T20:11:52Z,20940,1519,2096,189,"Just Chatting, Orcs Must Die! 3",https://sullygnome.com/channel/stream/39712455339
43004362093,2021-07-26T19:58:34Z,28020,1655,2613,394,"Just Chatting, Orcs Must Die! 3",https://sullygnome.com/channel/stream/43004362093
43039093965,2021-07-29T02:45:23Z,24300,2104,3074,221,Just Chatting,https://sullygnome.com/channel/stream/43039093965
43050341981,2021-07-29T23:04:51Z,41160,2706,4936,432,"Just Chatting, Rust",https://sullygnome.com/channel/stream/43050341981
39738781307,2021-07-30T20:29:34Z,12660,4071,5744,200,Just Chatting,https://sullygnome.com/channel/stream/39738781307
43079620301,2021-07-31T23:43:22Z,11820,3603,8951,280,Just Chatting,https://sullygnome.com/channel/stream/43079620301
42828010908,2021-08-02T18:46:39Z,24240,5412,7150,851,Just Chatting,https://sullygnome.com/channel/stream/42828010908
43123968573,2021-08-04T03:12:00Z,19980,2378,3078,489,"Just Chatting, Gartic Phone, Depth, The Coin Game",https://sullygnome.com/channel/stream/43123968573
43146948941,2021-08-05T20:39:37Z,33660,2160,3019,596,"Just Chatting, Back 4 Blood, Unlisted on Twitch",https://sullygnome.com/channel/stream/43146948941
43178544269,2021-08-08T00:48:03Z,11520,1580,2353,199,"Just Chatting, Gartic Phone",https://sullygnome.com/channel/stream/43178544269
43189354461,2021-08-08T20:12:04Z,26280,2332,6839,1126,"Just Chatting, PICO PARK, Monopoly Plus",https://sullygnome.com/channel/stream/43189354461
43202943725,2021-08-09T21:00:00Z,0,767,1662,24,Just Chatting,https://sullygnome.com/channel/stream/43202943725
43203187485,2021-08-09T21:15:20Z,26100,2007,2743,319,"Just Chatting, PICO PARK",https://sullygnome.com/channel/stream/43203187485
43217623677,2021-08-10T22:36:44Z,20340,2309,3838,349,"Just Chatting, For the King",https://sullygnome.com/channel/stream/43217623677
43228342861,2021-08-11T18:36:43Z,13140,2107,2602,73,Just Chatting,https://sullygnome.com/channel/stream/43228342861
43272742909,2021-08-14T20:07:55Z,23880,2990,4205,389,"Just Chatting, Lawn Mowing Simulator",https://sullygnome.com/channel/stream/43272742909
43306308653,2021-08-17T05:18:41Z,19620,2378,3305,378,Just Chatting,https://sullygnome.com/channel/stream/43306308653
43328396941,2021-08-18T23:50:03Z,15000,2228,3256,170,"Just Chatting, Road 96",https://sullygnome.com/channel/stream/43328396941
43340738109,2021-08-19T23:05:03Z,23100,2112,2926,179,"Road 96, Just Chatting, Twelve Minutes",https://sullygnome.com/channel/stream/43340738109
43353946333,2021-08-20T22:52:33Z,4080,1088,1939,18,"Just Chatting, Road 96",https://sullygnome.com/channel/stream/43353946333
43366606045,2021-08-21T19:56:12Z,11940,1410,2315,61,"Just Chatting, Road 96",https://sullygnome.com/channel/stream/43366606045
43393303821,2021-08-23T19:58:11Z,53220,2006,3606,626,"Just Chatting, Risk of Rain 2",https://sullygnome.com/channel/stream/43393303821
43407926109,2021-08-24T21:32:16Z,45780,2154,6001,688,"Just Chatting, Risk of Rain 2, Warcraft III",https://sullygnome.com/channel/stream/43407926109
43435955677,2021-08-26T21:38:53Z,13920,1412,1999,71,"Just Chatting, Riders Republic",https://sullygnome.com/channel/stream/43435955677
43451681613,2021-08-27T23:30:35Z,20700,1459,1861,26,"Just Chatting, Riders Republic",https://sullygnome.com/channel/stream/43451681613
43481123581,2021-08-30T00:01:57Z,34140,2059,3501,99,Just Chatting,https://sullygnome.com/channel/stream/43481123581
43492625405,2021-08-30T22:49:11Z,24060,1781,2302,30,"Just Chatting, PowerWash Simulator, Lawn Mowing Simulator, Farming Simulator 19, Hades",https://sullygnome.com/channel/stream/43492625405
43505929341,2021-08-31T23:00:56Z,21600,2224,4760,298,"Just Chatting, Grand Theft Auto V, Hades",https://sullygnome.com/channel/stream/43505929341
43518741309,2021-09-01T22:06:43Z,18540,1523,1975,221,"Just Chatting, Sea of Thieves",https://sullygnome.com/channel/stream/43518741309
43544745981,2021-09-03T22:12:11Z,17280,1021,2277,44,"Just Chatting, Hades",https://sullygnome.com/channel/stream/43544745981
43572682269,2021-09-05T20:43:52Z,46920,2116,17357,521,"Just Chatting, Hades, State of Decay 2, Rainbow Six Siege",https://sullygnome.com/channel/stream/43572682269
43587786061,2021-09-06T23:13:11Z,39720,2192,2824,476,"Just Chatting, Rainbow Six Siege",https://sullygnome.com/channel/stream/43587786061
43613637821,2021-09-08T22:24:47Z,37260,2104,2551,524,"Just Chatting, Rainbow Six Siege, Darkest Dungeon",https://sullygnome.com/channel/stream/43613637821
43625349581,2021-09-09T19:59:50Z,46860,1641,2448,357,"Just Chatting, Special Events, Rainbow Six Siege",https://sullygnome.com/channel/stream/43625349581
43642169069,2021-09-11T00:32:57Z,17880,1184,1797,104,"Just Chatting, Rainbow Six Siege",https://sullygnome.com/channel/stream/43642169069
43654558301,2021-09-11T21:08:28Z,20220,1471,2253,152,"Just Chatting, Rainbow Six Siege",https://sullygnome.com/channel/stream/43654558301
43671855965,2021-09-12T23:51:36Z,39240,2643,4799,481,"Just Chatting, Rainbow Six Siege, VALORANT",https://sullygnome.com/channel/stream/43671855965
43696021229,2021-09-14T23:23:43Z,22920,4685,11063,862,Grand Theft Auto V,https://sullygnome.com/channel/stream/43696021229
43705504957,2021-09-15T18:45:44Z,21600,1794,3263,197,"FOREWARNED, Chupacabras: Night Hunt, Malum, Just Chatting",https://sullygnome.com/channel/stream/43705504957
43719381597,2021-09-16T21:03:33Z,43920,1562,2410,199,"Just Chatting, I Am Fish, Postal 2, Gunfire Reborn",https://sullygnome.com/channel/stream/43719381597
43763366509,2021-09-20T00:14:26Z,18060,2707,4339,137,"Just Chatting, Gas Station Simulator",https://sullygnome.com/channel/stream/43763366509
43773999149,2021-09-20T22:24:42Z,37260,2765,3366,308,"Just Chatting, Gas Station Simulator",https://sullygnome.com/channel/stream/43773999149
43785569469,2021-09-21T21:25:02Z,11100,1568,1929,48,"Just Chatting, Jump King",https://sullygnome.com/channel/stream/43785569469
43799524125,2021-09-22T23:38:49Z,13020,2031,2498,67,"Just Chatting, Jump King",https://sullygnome.com/channel/stream/43799524125
43811360381,2021-09-23T22:42:39Z,22680,1179,2029,130,"Just Chatting, VALORANT, Diablo II: Resurrected",https://sullygnome.com/channel/stream/43811360381
43822210109,2021-09-24T19:23:34Z,3120,1532,2365,18,Just Chatting,https://sullygnome.com/channel/stream/43822210109
43850546925,2021-09-26T19:32:06Z,3480,3769,4805,121,"Just Chatting, Jump King",https://sullygnome.com/channel/stream/43850546925
43941994381,2021-10-03T21:25:43Z,38100,6859,13354,5876,"Just Chatting, Jump King",https://sullygnome.com/channel/stream/43941994381
43953390285,2021-10-04T21:52:49Z,28380,2437,3196,1579,"Just Chatting, Jump King",https://sullygnome.com/channel/stream/43953390285
43975683069,2021-10-06T19:45:00Z,4500,568,2407,341,Just Chatting,https://sullygnome.com/channel/stream/43975683069
43989268637,2021-10-07T22:23:40Z,28320,2395,3326,1464,"Just Chatting, Jump King",https://sullygnome.com/channel/stream/43989268637
44002483101,2021-10-08T23:58:40Z,3720,1706,2879,225,Just Chatting,https://sullygnome.com/channel/stream/44002483101
43505702476,2021-10-11T20:58:01Z,6420,53234,66152,12020,Just Chatting,https://sullygnome.com/channel/stream/43505702476
44050247101,2021-10-12T21:33:07Z,10620,14549,18413,3268,Just Chatting,https://sullygnome.com/channel/stream/44050247101
44073404141,2021-10-14T21:05:56Z,15900,4648,5429,1825,Just Chatting,https://sullygnome.com/channel/stream/44073404141
44089228637,2021-10-16T02:32:16Z,11580,4868,7378,905,"Just Chatting, Genshin Impact",https://sullygnome.com/channel/stream/44089228637
44123595677,2021-10-19T00:11:15Z,19140,8358,13195,2484,Just Chatting,https://sullygnome.com/channel/stream/44123595677
44133411357,2021-10-19T22:14:09Z,16260,5617,18394,2273,"Monopoly Plus, Just Chatting",https://sullygnome.com/channel/stream/44133411357
43580965916,2021-10-20T20:40:21Z,10200,2883,6060,1577,Just Chatting,https://sullygnome.com/channel/stream/43580965916
44157530653,2021-10-22T01:03:09Z,21420,5864,8247,1396,Just Chatting,https://sullygnome.com/channel/stream/44157530653
44179722669,2021-10-23T21:19:05Z,24060,4804,15897,1661,"Just Chatting, Gas Station Simulator",https://sullygnome.com/channel/stream/44179722669
44202878413,2021-10-25T22:06:52Z,34740,4434,6602,1603,"Just Chatting, Super Mario Maker 2, Gas Station Simulator",https://sullygnome.com/channel/stream/44202878413
44281677933,2021-11-01T21:43:08Z,22620,6922,18079,1342,"Just Chatting, Super Mario 64, Gas Station Simulator",https://sullygnome.com/channel/stream/44281677933
44294271005,2021-11-03T00:23:01Z,22020,4657,7149,772,Just Chatting,https://sullygnome.com/channel/stream/44294271005
44316329965,2021-11-05T00:39:27Z,19260,6200,7660,817,Just Chatting,https://sullygnome.com/channel/stream/44316329965
40193415563,2021-11-08T03:08:10Z,14820,13316,19023,1440,Just Chatting,https://sullygnome.com/channel/stream/40193415563
44385743309,2021-11-10T23:49:00Z,14160,2462,3363,215,"Just Chatting, Prison Simulator",https://sullygnome.com/channel/stream/44385743309
43824508172,2021-11-15T22:51:13Z,12240,10197,12630,772,Just Chatting,https://sullygnome.com/channel/stream/43824508172
44462831917,2021-11-17T06:30:14Z,18000,5798,10085,578,"Just Chatting, The Asylum Incident",https://sullygnome.com/channel/stream/44462831917
44468622669,2021-11-17T21:11:55Z,19140,2402,3271,371,"Just Chatting, WorldBox, Shin Megami Tensei V",https://sullygnome.com/channel/stream/44468622669
44492595053,2021-11-19T21:00:28Z,26100,1890,3777,231,"Just Chatting, WorldBox, Watch Parties",https://sullygnome.com/channel/stream/44492595053
44535613901,2021-11-23T01:34:09Z,18660,3669,4613,396,"Just Chatting, Metal Gear Solid V: The Phantom Pain",https://sullygnome.com/channel/stream/44535613901
44570550077,2021-11-26T02:09:16Z,25560,5583,9406,914,"Just Chatting, The Mortuary Assistant, Metal Gear Solid V: The Phantom Pain",https://sullygnome.com/channel/stream/44570550077
44591549421,2021-11-27T19:46:56Z,21540,2961,7089,416,"Just Chatting, Metal Gear Solid V: The Phantom Pain",https://sullygnome.com/channel/stream/44591549421
44606725069,2021-11-28T23:37:51Z,41880,2865,5180,786,"Just Chatting, Games + Demos, FINAL FANTASY XIV ONLINE",https://sullygnome.com/channel/stream/44606725069
44616984605,2021-11-29T23:03:58Z,18720,7657,20685,850,Just Chatting,https://sullygnome.com/channel/stream/44616984605
44638064429,2021-12-01T20:32:14Z,22380,3951,18813,706,"Just Chatting, Propnight, WorldBox",https://sullygnome.com/channel/stream/44638064429
44654012829,2021-12-03T04:36:53Z,20340,3452,4270,447,"Just Chatting, Metal Gear Solid V: The Phantom Pain",https://sullygnome.com/channel/stream/44654012829
44690099741,2021-12-06T02:36:27Z,34740,4071,8815,1020,"Just Chatting, FINAL FANTASY XIV ONLINE",https://sullygnome.com/channel/stream/44690099741
44708948429,2021-12-07T21:16:53Z,33240,3506,17469,702,"Just Chatting, Propnight, Goat Simulator, RimWorld",https://sullygnome.com/channel/stream/44708948429
44720775629,2021-12-08T20:48:08Z,37620,2641,9364,454,"Just Chatting, RimWorld, First Class Trouble, FINAL FANTASY XIV ONLINE",https://sullygnome.com/channel/stream/44720775629
44731944509,2021-12-09T19:07:14Z,49080,2394,3961,451,"Just Chatting, Propnight, RimWorld, Special Events",https://sullygnome.com/channel/stream/44731944509
44759048877,2021-12-11T21:06:46Z,14040,13523,17180,888,Just Chatting,https://sullygnome.com/channel/stream/44759048877
44775836253,2021-12-13T03:22:02Z,22980,5743,25417,723,"Just Chatting, RimWorld",https://sullygnome.com/channel/stream/44775836253
44785560061,2021-12-14T01:09:51Z,21960,2355,3025,225,"Just Chatting, RimWorld",https://sullygnome.com/channel/stream/44785560061
44803258925,2021-12-15T19:05:44Z,23100,4394,7466,484,"Just Chatting, Unlisted on Twitch",https://sullygnome.com/channel/stream/44803258925
44815870493,2021-12-17T00:17:19Z,17880,7842,11292,678,Just Chatting,https://sullygnome.com/channel/stream/44815870493
44825763165,2021-12-17T23:34:33Z,8760,4525,5638,386,"Just Chatting, Grand Theft Auto V",https://sullygnome.com/channel/stream/44825763165
44857005773,2021-12-20T22:20:24Z,23100,8228,23617,1097,"Just Chatting, Escape from Tarkov",https://sullygnome.com/channel/stream/44857005773
44868063133,2021-12-21T23:00:45Z,34200,2994,7187,687,"Just Chatting, The Elder Scrolls V: Skyrim - Special Edition",https://sullygnome.com/channel/stream/44868063133
44877002685,2021-12-22T19:22:35Z,14880,3338,4230,315,"Just Chatting, The Elder Scrolls V: Skyrim - Special Edition",https://sullygnome.com/channel/stream/44877002685
44893883837,2021-12-24T06:29:09Z,13560,3810,4439,311,"Just Chatting, Escape from Tarkov",https://sullygnome.com/channel/stream/44893883837
44921331917,2021-12-27T00:55:29Z,21000,2290,3902,317,"Just Chatting, Teardown",https://sullygnome.com/channel/stream/44921331917
44924588109,2021-12-27T06:59:33Z,7260,3090,3568,131,The Elder Scrolls V: Skyrim - Special Edition,https://sullygnome.com/channel/stream/44924588109
44931537805,2021-12-27T22:30:46Z,27900,2981,4148,581,Just Chatting,https://sullygnome.com/channel/stream/44931537805
44944568477,2021-12-28T23:50:33Z,32100,3889,4909,454,"Just Chatting, Project Zomboid",https://sullygnome.com/channel/stream/44944568477
44956340669,2021-12-29T22:44:57Z,22560,2140,4677,501,"Just Chatting, Monopoly Plus",https://sullygnome.com/channel/stream/44956340669
44974098333,2021-12-31T07:29:06Z,13560,4264,9028,334,"Just Chatting, 7 Days to Die",https://sullygnome.com/channel/stream/44974098333
44980422013,2021-12-31T22:41:57Z,12840,1214,1759,1997,"Just Chatting, GoldenEye 007",https://sullygnome.com/channel/stream/44980422013
45048775965,2022-01-06T20:57:33Z,18180,4726,7359,670,Just Chatting,https://sullygnome.com/channel/stream/45048775965
45074936461,2022-01-08T21:05:29Z,28500,3902,8683,912,"Just Chatting, Emote Farming Simulator, Internet Cafe Simulator 2",https://sullygnome.com/channel/stream/45074936461
45088139533,2022-01-09T20:26:21Z,43440,4380,12816,1241,"Just Chatting, Internet Cafe Simulator 2",https://sullygnome.com/channel/stream/45088139533
45114944237,2022-01-12T02:24:58Z,31860,5122,7727,942,Just Chatting,https://sullygnome.com/channel/stream/45114944237
45126484253,2022-01-13T02:23:28Z,20220,4280,5984,320,"Just Chatting, Internet Cafe Simulator 2, Ranch Simulator",https://sullygnome.com/channel/stream/45126484253
45138798541,2022-01-14T03:14:47Z,20760,3239,6578,353,"Just Chatting, No Man's Sky",https://sullygnome.com/channel/stream/45138798541
45147117549,2022-01-14T21:27:05Z,29880,2674,9745,507,"Just Chatting, No Man's Sky",https://sullygnome.com/channel/stream/45147117549
45197686877,2022-01-18T19:08:26Z,49020,4114,5686,924,"Just Chatting, Cities: Skylines, Anemoiapolis, Police Simulator: Patrol Officers",https://sullygnome.com/channel/stream/45197686877
45225297805,2022-01-21T01:01:25Z,11640,3966,5931,235,"Just Chatting, HITMAN 3",https://sullygnome.com/channel/stream/45225297805
45279892397,2022-01-25T07:04:24Z,12360,6977,11258,680,Just Chatting,https://sullygnome.com/channel/stream/45279892397
45296510845,2022-01-26T19:19:25Z,9660,3112,4010,272,"Just Chatting, Not for Broadcast",https://sullygnome.com/channel/stream/45296510845
45302190269,2022-01-27T03:40:14Z,23700,6491,13560,824,"Just Chatting, The Coin Game, Vampire Survivors",https://sullygnome.com/channel/stream/45302190269
45309562541,2022-01-27T20:12:56Z,14580,2235,2991,239,"Just Chatting, Vampire Survivors",https://sullygnome.com/channel/stream/45309562541
45315493085,2022-01-28T05:10:16Z,11100,2333,7192,154,"Just Chatting, Zenith: The Last City, Blade &amp; Sorcery",https://sullygnome.com/channel/stream/45315493085
44524840252,2022-01-28T15:30:43Z,9900,10256,21935,630,Just Chatting,https://sullygnome.com/channel/stream/44524840252
45351731213,2022-01-31T00:54:04Z,30960,5984,8358,1266,"Just Chatting, The Elder Scrolls V: Skyrim",https://sullygnome.com/channel/stream/45351731213
45358099485,2022-01-31T16:48:39Z,28620,4655,6043,679,"Just Chatting, Cities: Skylines, The Elder Scrolls V: Skyrim",https://sullygnome.com/channel/stream/45358099485
45364432605,2022-02-01T03:30:05Z,14400,4050,5414,268,"Just Chatting, Zenith: The Last City, The Elder Scrolls V: Skyrim",https://sullygnome.com/channel/stream/45364432605
45382894925,2022-02-02T20:09:30Z,33660,3949,12882,585,"Just Chatting, The Universim, Rise of Nations: Extended Edition, What the Dub?!, Use Your Words",https://sullygnome.com/channel/stream/45382894925
45393217389,2022-02-03T17:06:12Z,28440,2812,3258,348,"Just Chatting, Cities: Skylines",https://sullygnome.com/channel/stream/45393217389
45435369261,2022-02-06T21:36:13Z,5940,1778,2549,108,Just Chatting,https://sullygnome.com/channel/stream/45435369261
45439176061,2022-02-07T03:56:54Z,22740,4515,7096,438,"Just Chatting, SIFU",https://sullygnome.com/channel/stream/45439176061
45448438429,2022-02-08T01:12:41Z,31680,5746,8771,682,"Just Chatting, Cities: Skylines",https://sullygnome.com/channel/stream/45448438429
45462450701,2022-02-09T05:35:02Z,16800,2652,7756,306,"Just Chatting, Lost Ark",https://sullygnome.com/channel/stream/45462450701
45479097389,2022-02-10T20:02:16Z,25980,4070,6947,595,"Just Chatting, Cities: Skylines",https://sullygnome.com/channel/stream/45479097389
45504322493,2022-02-12T20:16:19Z,35940,3363,5081,308,"Just Chatting, Tropico 6",https://sullygnome.com/channel/stream/45504322493
45517773229,2022-02-13T20:43:08Z,55920,4160,11149,711,"Just Chatting, Cities: Skylines, Lost Ark",https://sullygnome.com/channel/stream/45517773229
45532325901,2022-02-15T04:14:04Z,4560,3039,4311,134,Just Chatting,https://sullygnome.com/channel/stream/45532325901
45536211293,2022-02-15T15:22:37Z,19380,3234,3887,263,"Just Chatting, Lost Ark",https://sullygnome.com/channel/stream/45536211293
45559865949,2022-02-17T17:11:23Z,16440,3450,5764,221,"Just Chatting, Cities: Skylines",https://sullygnome.com/channel/stream/45559865949
45609243581,2022-02-21T17:49:50Z,41160,5519,23294,1127,"Just Chatting, Food Truck Simulator, Kingdoms Reborn, House Builder, Super Mario Maker 2",https://sullygnome.com/channel/stream/45609243581
45624781565,2022-02-23T00:48:18Z,19620,2803,5930,335,"Just Chatting, Super Mario Maker 2, House Builder, Cities: Skylines",https://sullygnome.com/channel/stream/45624781565
45634025053,2022-02-23T21:40:58Z,22800,3845,15044,469,"Just Chatting, Jurassic World Evolution 2, Friday the 13th: The Game, Drawful 2",https://sullygnome.com/channel/stream/45634025053
45643009101,2022-02-24T17:47:55Z,11580,1282,1730,131,"Just Chatting, ELDEN RING",https://sullygnome.com/channel/stream/45643009101
45681983181,2022-02-27T21:26:50Z,7440,3364,6004,179,Just Chatting,https://sullygnome.com/channel/stream/45681983181
45692817949,2022-02-28T21:58:16Z,41520,4945,19456,1015,"Just Chatting, ELDEN RING",https://sullygnome.com/channel/stream/45692817949
45702726669,2022-03-01T20:07:54Z,22080,2901,3521,283,"Just Chatting, ELDEN RING",https://sullygnome.com/channel/stream/45702726669
45707662205,2022-03-02T04:53:57Z,13920,2390,3026,150,"Just Chatting, ELDEN RING",https://sullygnome.com/channel/stream/45707662205
45734272605,2022-03-04T19:02:40Z,14280,1517,2437,97,"Just Chatting, Highrise City, Guardian Tales",https://sullygnome.com/channel/stream/45734272605
45759560317,2022-03-06T19:53:52Z,50820,3573,6360,562,"Just Chatting, Instruments of Destruction",https://sullygnome.com/channel/stream/45759560317
45773756653,2022-03-08T02:42:53Z,28980,2563,3598,218,"Just Chatting, Fable Anniversary",https://sullygnome.com/channel/stream/45773756653
45858338813,2022-03-15T20:10:01Z,42600,5439,15779,929,"Just Chatting, WWE 2K22",https://sullygnome.com/channel/stream/45858338813
45872250253,2022-03-17T01:42:53Z,28980,3488,5520,1050,"Just Chatting, Golf It!, WWE 2K22",https://sullygnome.com/channel/stream/45872250253
45900559693,2022-03-19T17:17:35Z,14280,4256,6124,623,"Just Chatting, WWE 2K22",https://sullygnome.com/channel/stream/45900559693
45917957901,2022-03-21T02:20:40Z,26700,4323,6522,737,"Just Chatting, WWE 2K22",https://sullygnome.com/channel/stream/45917957901
45927202845,2022-03-22T00:37:50Z,31080,5781,9511,866,"Just Chatting, WWE 2K22",https://sullygnome.com/channel/stream/45927202845
45939047453,2022-03-23T02:47:58Z,15180,8365,13724,758,"Just Chatting, WWE 2K22",https://sullygnome.com/channel/stream/45939047453
45977733981,2022-03-26T19:33:24Z,22320,3394,11031,620,Just Chatting,https://sullygnome.com/channel/stream/45977733981
46001346621,2022-03-29T00:02:05Z,15180,5123,7877,568,"Just Chatting, Sea of Thieves",https://sullygnome.com/channel/stream/46001346621
39609552025,2022-03-29T04:23:54Z,3120,4061,5831,53,Sea of Thieves,https://sullygnome.com/channel/stream/39609552025
45142145148,2022-04-04T12:55:15Z,36300,11113,26709,2677,Just Chatting,https://sullygnome.com/channel/stream/45142145148
45174717916,2022-04-08T13:07:45Z,36480,11834,25719,2676,"Unlisted on Twitch, Just Chatting",https://sullygnome.com/channel/stream/45174717916
45201107244,2022-04-11T13:55:25Z,31800,9511,13187,1559,Just Chatting,https://sullygnome.com/channel/stream/45201107244
45228438204,2022-04-15T14:30:06Z,36900,11576,21621,1785,Just Chatting,https://sullygnome.com/channel/stream/45228438204
45235210380,2022-04-16T13:51:38Z,-360,0,0,0,Just Chatting,https://sullygnome.com/channel/stream/45235210380
45255113564,2022-04-19T14:27:38Z,18180,8063,9935,814,Just Chatting,https://sullygnome.com/channel/stream/45255113564
46283240605,2022-04-27T17:03:59Z,17820,4320,9252,-12,Just Chatting,https://sullygnome.com/channel/stream/46283240605
46307637069,2022-04-30T21:34:52Z,16860,2269,3227,47,"Just Chatting, Weed Shop 3, MIR 4",https://sullygnome.com/channel/stream/46307637069
46314403357,2022-05-01T18:45:32Z,45000,5899,9783,905,"Just Chatting, Weed Shop 3",https://sullygnome.com/channel/stream/46314403357
46321844653,2022-05-02T20:57:21Z,37080,4702,6403,460,"Just Chatting, Weed Shop 3",https://sullygnome.com/channel/stream/46321844653
46334674781,2022-05-04T19:19:18Z,39360,3889,5433,440,"Just Chatting, Weed Shop 3",https://sullygnome.com/channel/stream/46334674781
46344290845,2022-05-06T02:05:15Z,23100,3670,14666,316,"Just Chatting, Weed Shop 3",https://sullygnome.com/channel/stream/46344290845
46355976589,2022-05-07T20:52:52Z,10380,10152,14149,607,Just Chatting,https://sullygnome.com/channel/stream/46355976589
46370057373,2022-05-10T00:05:32Z,11400,5686,7440,207,Just Chatting,https://sullygnome.com/channel/stream/46370057373
46377875069,2022-05-11T03:08:34Z,1320,525,850,-5,Just Chatting,https://sullygnome.com/channel/stream/46377875069
46381366077,2022-05-11T21:11:28Z,26340,5533,9988,289,"Just Chatting, Weed Shop 3",https://sullygnome.com/channel/stream/46381366077
40799586123,2022-05-15T23:43:32Z,14520,4639,10568,472,Just Chatting,https://sullygnome.com/channel/stream/40799586123
46421223229,2022-05-17T22:30:15Z,16200,1238,1876,102,"Just Chatting, MIR 4, Weed Shop 3",https://sullygnome.com/channel/stream/46421223229
46427592221,2022-05-18T22:36:31Z,16740,4715,5998,290,Just Chatting,https://sullygnome.com/channel/stream/46427592221
46433382813,2022-05-19T21:43:02Z,14520,1877,3009,226,Just Chatting,https://sullygnome.com/channel/stream/46433382813
46455869821,2022-05-23T02:39:12Z,17460,4128,9256,277,"Just Chatting, Gas Station Simulator",https://sullygnome.com/channel/stream/46455869821
39764913033,2022-05-31T00:44:44Z,22560,2871,3743,28,"Just Chatting, Gas Station Simulator, Weed Shop 3",https://sullygnome.com/channel/stream/39764913033
46517932781,2022-06-02T00:25:14Z,26400,4393,13047,405,"Just Chatting, Gang Beasts, SMITE, Weed Shop 3",https://sullygnome.com/channel/stream/46517932781
39776213353,2022-06-04T18:54:57Z,21960,2279,3568,103,"Just Chatting, Weed Shop 3",https://sullygnome.com/channel/stream/39776213353
39779353145,2022-06-05T20:55:48Z,35400,2730,4440,348,"Just Chatting, Weed Shop 3, Ni no Kuni: Cross Worlds",https://sullygnome.com/channel/stream/39779353145
46575882413,2022-06-10T18:10:05Z,44400,3172,8940,309,"Just Chatting, Weed Shop 3, Witch It",https://sullygnome.com/channel/stream/46575882413
46590107741,2022-06-12T18:01:06Z,10740,1625,2173,37,"Just Chatting, Special Events, Weed Shop 3",https://sullygnome.com/channel/stream/46590107741
40874835995,2022-06-13T00:02:27Z,27780,3389,4698,263,"Just Chatting, Planet Crafter, The Quarry",https://sullygnome.com/channel/stream/40874835995
39799920329,2022-06-14T00:20:54Z,12300,9481,15494,433,Just Chatting,https://sullygnome.com/channel/stream/39799920329
40879731611,2022-06-14T21:39:38Z,34560,2291,3494,128,"Just Chatting, Ultimate Epic Battle Simulator 2, Planet Crafter, Little Nightmares II, The Quarry",https://sullygnome.com/channel/stream/40879731611
39804033097,2022-06-15T17:10:36Z,14700,5625,8218,231,Just Chatting,https://sullygnome.com/channel/stream/39804033097
46617005597,2022-06-16T17:45:55Z,28800,2928,4110,184,"Just Chatting, Weed Shop 3, Planet Crafter",https://sullygnome.com/channel/stream/46617005597
40889164763,2022-06-18T03:09:08Z,20160,6225,11357,358,"Just Chatting, The Quarry",https://sullygnome.com/channel/stream/40889164763
46638874845,2022-06-19T17:45:21Z,48600,2510,4424,318,"Just Chatting, Little Nightmares II, Planet Crafter",https://sullygnome.com/channel/stream/46638874845
46652211229,2022-06-21T17:05:41Z,51900,2533,3903,243,"Just Chatting, Cafe Owner Simulator, Planet Crafter, DayZ",https://sullygnome.com/channel/stream/46652211229
39821532281,2022-06-22T16:57:48Z,26280,4565,8206,333,"Just Chatting, DayZ",https://sullygnome.com/channel/stream/39821532281
40905326731,2022-06-23T22:33:58Z,31320,3310,5392,273,"Just Chatting, DayZ",https://sullygnome.com/channel/stream/40905326731
40908548139,2022-06-24T23:01:33Z,36840,2855,3913,435,"Just Chatting, DayZ, SMITE",https://sullygnome.com/channel/stream/40908548139
40910982011,2022-06-25T17:04:20Z,18660,1842,2841,103,"Just Chatting, Weed Shop 3, DayZ",https://sullygnome.com/channel/stream/40910982011
40915111819,2022-06-26T23:46:39Z,22440,2775,3663,288,"Just Chatting, DayZ",https://sullygnome.com/channel/stream/40915111819
40917152155,2022-06-27T17:13:49Z,39720,2334,3950,527,"Just Chatting, SMITE, DayZ, Satisfactory",https://sullygnome.com/channel/stream/40917152155
40918912539,2022-06-28T05:32:20Z,8880,1754,2302,54,"Just Chatting, Satisfactory",https://sullygnome.com/channel/stream/40918912539
40920009243,2022-06-28T17:31:37Z,15240,2262,2877,139,"Just Chatting, DayZ",https://sullygnome.com/channel/stream/40920009243
40923830395,2022-06-29T18:28:22Z,46920,3772,11875,368,"Just Chatting, Weed Shop 3, DayZ, Satisfactory",https://sullygnome.com/channel/stream/40923830395
40928053579,2022-06-30T18:07:04Z,12180,2093,2714,11,"Just Chatting, DayZ, Satisfactory",https://sullygnome.com/channel/stream/40928053579
40940687467,2022-07-03T22:01:08Z,5340,3258,4397,85,Just Chatting,https://sullygnome.com/channel/stream/40940687467
40943666715,2022-07-04T17:33:35Z,18720,4290,6604,91,"Just Chatting, King of Retail",https://sullygnome.com/channel/stream/40943666715
40947102587,2022-07-05T17:50:24Z,44700,2708,5117,260,"Just Chatting, Rust, Weed Shop 3",https://sullygnome.com/channel/stream/40947102587
40951233851,2022-07-06T17:50:11Z,27600,2105,3011,187,"Just Chatting, Fall Guys",https://sullygnome.com/channel/stream/40951233851
40955624235,2022-07-07T18:57:13Z,19980,2396,3120,189,"Just Chatting, Fall Guys",https://sullygnome.com/channel/stream/40955624235
46774673693,2022-07-10T21:38:32Z,22020,5233,7687,334,Just Chatting,https://sullygnome.com/channel/stream/46774673693
40979616763,2022-07-13T05:19:52Z,54660,5532,8580,768,"Just Chatting, Unlisted on Twitch",https://sullygnome.com/channel/stream/40979616763
40992133531,2022-07-16T02:09:51Z,14760,2551,5634,296,"Just Chatting, Chimeraland",https://sullygnome.com/channel/stream/40992133531
46820389693,2022-07-18T02:42:59Z,17280,6560,10099,557,Just Chatting,https://sullygnome.com/channel/stream/46820389693
41004755115,2022-07-19T01:24:45Z,16560,4066,4859,189,"Just Chatting, MADiSON, My Time at Sandrock",https://sullygnome.com/channel/stream/41004755115
46832239597,2022-07-20T01:09:27Z,30960,8362,15357,1063,Just Chatting,https://sullygnome.com/channel/stream/46832239597
41016514155,2022-07-21T16:38:44Z,17520,10134,13231,651,Just Chatting,https://sullygnome.com/channel/stream/41016514155
46864643821,2022-07-25T02:28:46Z,22620,8452,14610,1281,Just Chatting,https://sullygnome.com/channel/stream/46864643821
41037812107,2022-07-26T17:59:32Z,15360,27640,41940,4104,Just Chatting,https://sullygnome.com/channel/stream/41037812107
41048841723,2022-07-29T03:48:27Z,21420,6117,9106,722,"Just Chatting, The Long Drive",https://sullygnome.com/channel/stream/41048841723
41055479611,2022-07-30T19:17:32Z,11580,21604,29338,2070,Just Chatting,https://sullygnome.com/channel/stream/41055479611
41061381515,2022-08-01T05:32:16Z,11580,5784,10566,527,Just Chatting,https://sullygnome.com/channel/stream/41061381515
41065068699,2022-08-02T03:06:06Z,15840,7751,10618,620,Just Chatting,https://sullygnome.com/channel/stream/41065068699
41069801003,2022-08-03T05:02:10Z,14280,3760,7088,279,"Just Chatting, The Mortuary Assistant",https://sullygnome.com/channel/stream/41069801003
41080957003,2022-08-05T22:43:08Z,9120,18813,27518,1075,"The Mortuary Assistant, Just Chatting",https://sullygnome.com/channel/stream/41080957003
41095178091,2022-08-09T05:17:58Z,10680,3582,5478,309,Just Chatting,https://sullygnome.com/channel/stream/41095178091
41103424843,2022-08-11T03:50:47Z,15900,4094,5482,300,"Just Chatting, Cult of the Lamb",https://sullygnome.com/channel/stream/41103424843
41106225483,2022-08-11T23:36:36Z,8640,10730,16890,581,Just Chatting,https://sullygnome.com/channel/stream/41106225483
41126511963,2022-08-16T06:03:02Z,11520,4301,9906,492,"Just Chatting, Jump King",https://sullygnome.com/channel/stream/41126511963
41145194907,2022-08-20T17:56:59Z,8340,21922,26569,745,Just Chatting,https://sullygnome.com/channel/stream/41145194907
41156703819,2022-08-23T13:42:36Z,9180,8628,11537,639,Just Chatting,https://sullygnome.com/channel/stream/41156703819
41159716987,2022-08-24T04:37:38Z,8580,6085,9278,340,"Just Chatting, Arcade Paradise",https://sullygnome.com/channel/stream/41159716987
41172754091,2022-08-26T18:32:24Z,10680,9503,14647,539,Just Chatting,https://sullygnome.com/channel/stream/41172754091
41190458187,2022-08-29T03:57:20Z,21780,4424,5717,473,"Just Chatting, The Long Drive, Arcade Paradise",https://sullygnome.com/channel/stream/41190458187
41193825019,2022-08-29T22:38:58Z,19320,4261,10104,351,"Just Chatting, Arcade Paradise",https://sullygnome.com/channel/stream/41193825019
41197909323,2022-08-30T14:32:01Z,5280,2634,4475,112,"Just Chatting, Arcade Paradise",https://sullygnome.com/channel/stream/41197909323
41207642155,2022-09-01T16:52:38Z,17580,7609,16108,394,"Just Chatting, My Summer Car",https://sullygnome.com/channel/stream/41207642155
41216892027,2022-09-03T17:38:09Z,8520,15405,20012,474,Just Chatting,https://sullygnome.com/channel/stream/41216892027
41234255387,2022-09-07T16:15:43Z,9900,24525,31592,1435,Just Chatting,https://sullygnome.com/channel/stream/41234255387
41248428955,2022-09-10T18:43:57Z,9120,6073,8032,386,Just Chatting,https://sullygnome.com/channel/stream/41248428955
47139516621,2022-09-13T04:56:03Z,15540,4322,6338,365,"Just Chatting, Pummel Party",https://sullygnome.com/channel/stream/47139516621
41263686395,2022-09-14T03:28:34Z,12720,5369,9374,369,"Just Chatting, My Summer Car",https://sullygnome.com/channel/stream/41263686395
41271622907,2022-09-16T00:01:52Z,26040,4542,5807,356,"Just Chatting, Planet Coaster, Parkitect",https://sullygnome.com/channel/stream/41271622907
41275705259,2022-09-16T21:56:01Z,11940,2176,3675,81,"Just Chatting, Parkitect",https://sullygnome.com/channel/stream/41275705259
47161046685,2022-09-17T17:13:23Z,25320,7859,11999,434,"Just Chatting, The Wandering Village",https://sullygnome.com/channel/stream/47161046685
41285352539,2022-09-18T19:38:30Z,30120,3144,5325,260,"Just Chatting, The Long Drive, Parkitect",https://sullygnome.com/channel/stream/41285352539
41371545243,2022-10-09T22:06:17Z,6840,1128,1420,2,Just Chatting,https://sullygnome.com/channel/stream/41371545243
41385951483,2022-10-13T18:20:26Z,16800,3570,5918,93,"Just Chatting, Overwatch",https://sullygnome.com/channel/stream/41385951483
41394038651,2022-10-15T17:19:57Z,9660,2339,3166,32,"Just Chatting, Overwatch",https://sullygnome.com/channel/stream/41394038651
41417032619,2022-10-23T19:08:12Z,38220,4174,6904,-158,"Just Chatting, LEGO Bricktales, Grounded",https://sullygnome.com/channel/stream/41417032619
41420675883,2022-10-24T21:16:21Z,12540,3509,5314,65,"Just Chatting, Don't Starve Together",https://sullygnome.com/channel/stream/41420675883
41424445515,2022-10-25T21:18:24Z,31320,2701,4278,103,"Just Chatting, PC Building Simulator 2, Don't Starve Together",https://sullygnome.com/channel/stream/41424445515
41441059771,2022-10-30T00:45:33Z,7200,1161,1630,15,"Just Chatting, Tower of Fantasy",https://sullygnome.com/channel/stream/41441059771
41447258667,2022-10-31T19:53:09Z,15720,2256,3021,-20,"Just Chatting, PC Building Simulator 2",https://sullygnome.com/channel/stream/41447258667
41452019771,2022-11-02T01:39:51Z,18360,2471,3529,35,"Just Chatting, Settlement Survival",https://sullygnome.com/channel/stream/41452019771
41454465115,2022-11-02T19:57:27Z,19980,1693,2417,-80,"Just Chatting, PC Building Simulator 2, WorldBox",https://sullygnome.com/channel/stream/41454465115
41458736619,2022-11-03T23:58:47Z,19020,3714,5428,118,Just Chatting,https://sullygnome.com/channel/stream/41458736619
41470888075,2022-11-07T00:58:13Z,21720,3185,4217,-17,Just Chatting,https://sullygnome.com/channel/stream/41470888075
41474366027,2022-11-08T01:25:52Z,16500,1887,2747,13,"Just Chatting, Weed Shop 3, Police Simulator: Patrol Officers, Don't Starve Together",https://sullygnome.com/channel/stream/41474366027
41476721643,2022-11-08T16:58:43Z,33420,2897,3878,-14,"Just Chatting, Urbek City Builder, Poker, Minecraft",https://sullygnome.com/channel/stream/41476721643
41481775787,2022-11-10T01:16:41Z,18840,1646,2316,31,"Just Chatting, Minecraft, Urbek City Builder",https://sullygnome.com/channel/stream/41481775787
41485464203,2022-11-11T01:13:01Z,8220,1980,3366,9,Just Chatting,https://sullygnome.com/channel/stream/41485464203
41488548651,2022-11-11T20:20:28Z,11400,8233,11111,136,Just Chatting,https://sullygnome.com/channel/stream/41488548651
41492675595,2022-11-12T19:11:17Z,18240,2500,3679,29,"Just Chatting, Skyscraper",https://sullygnome.com/channel/stream/41492675595
41500514059,2022-11-14T23:34:26Z,31260,4453,6614,126,"Just Chatting, The Sims, The Sims 2, The Sims 4",https://sullygnome.com/channel/stream/41500514059
41503670331,2022-11-15T20:29:33Z,14460,2270,3075,6,"Just Chatting, The Sims",https://sullygnome.com/channel/stream/41503670331
41507051211,2022-11-16T18:03:32Z,45720,2728,4153,53,"Just Chatting, Kenshi",https://sullygnome.com/channel/stream/41507051211
41511330523,2022-11-17T20:52:21Z,17580,1665,2547,-13,"Just Chatting, Poker, Kenshi",https://sullygnome.com/channel/stream/41511330523
41515149835,2022-11-18T21:00:12Z,23400,2224,3196,-18,"Just Chatting, Kenshi",https://sullygnome.com/channel/stream/41515149835
47494775357,2022-11-19T20:52:26Z,9480,6583,9507,106,Just Chatting,https://sullygnome.com/channel/stream/47494775357
41529945339,2022-11-22T18:27:54Z,17280,2183,3021,5,"Just Chatting, Kenshi",https://sullygnome.com/channel/stream/41529945339
41548109179,2022-11-27T21:46:57Z,14340,1816,2789,-2,"Just Chatting, Kenshi",https://sullygnome.com/channel/stream/41548109179
41551523195,2022-11-28T23:07:13Z,11280,1633,4963,6,"Just Chatting, GUILTY GEAR -STRIVE-",https://sullygnome.com/channel/stream/41551523195
41554555563,2022-11-29T19:11:28Z,15540,1367,2385,1,"Just Chatting, Poker",https://sullygnome.com/channel/stream/41554555563
41558264571,2022-11-30T20:39:24Z,6660,900,1378,-11,Just Chatting,https://sullygnome.com/channel/stream/41558264571
41562079643,2022-12-01T22:43:48Z,12720,2057,2823,-13,"Just Chatting, Forza Horizon 5",https://sullygnome.com/channel/stream/41562079643
41566324843,2022-12-03T01:55:09Z,20100,1717,2572,38,"Just Chatting, Bloodshore",https://sullygnome.com/channel/stream/41566324843
41577835915,2022-12-06T03:02:09Z,25080,1894,2719,11,"Just Chatting, Quake, Warhammer 40,000: Darktide",https://sullygnome.com/channel/stream/41577835915
41579739451,2022-12-06T17:50:39Z,32100,1936,2503,-52,"Warhammer 40,000: Darktide, Just Chatting, Goat Simulator 3, Dwarf Fortress, Fall Guys, Farmer's Life",https://sullygnome.com/channel/stream/41579739451
41612635531,2022-12-15T16:58:20Z,21720,2017,2604,-103,"Just Chatting, Kerbal Space Program",https://sullygnome.com/channel/stream/41612635531
41615941435,2022-12-16T17:50:19Z,6000,1146,1548,2,"Just Chatting, Kerbal Space Program",https://sullygnome.com/channel/stream/41615941435
41676096891,2023-01-02T23:22:45Z,31980,2518,6020,-48,"Just Chatting, My Gaming Club",https://sullygnome.com/channel/stream/41676096891
41679130779,2023-01-03T17:50:49Z,3300,1069,1822,-26,"Just Chatting, My Gaming Club, Wrestling Empire",https://sullygnome.com/channel/stream/41679130779
41679689339,2023-01-03T22:31:54Z,14340,1828,3153,-41,"Just Chatting, Fallout: New Vegas",https://sullygnome.com/channel/stream/41679689339
41683544155,2023-01-04T22:50:38Z,16800,2365,3582,62,"Just Chatting, Fallout: New Vegas",https://sullygnome.com/channel/stream/41683544155
41687138395,2023-01-05T20:02:16Z,29580,3372,4622,38,"Just Chatting, Fallout: New Vegas",https://sullygnome.com/channel/stream/41687138395
41691244635,2023-01-06T20:51:45Z,17640,2142,2989,6,"Just Chatting, Fallout: New Vegas",https://sullygnome.com/channel/stream/41691244635
41718786107,2023-01-13T22:52:45Z,15780,3130,7214,17,"Just Chatting, Fallout: New Vegas",https://sullygnome.com/channel/stream/41718786107
41726588907,2023-01-15T17:32:01Z,28680,4152,10314,344,"Just Chatting, Fallout: New Vegas",https://sullygnome.com/channel/stream/41726588907
41734654235,2023-01-17T18:36:46Z,32040,2979,4300,26,"Just Chatting, Fallout: New Vegas",https://sullygnome.com/channel/stream/41734654235
41742671499,2023-01-19T17:38:25Z,24720,3143,5587,255,"Just Chatting, Fallout: New Vegas, Poker",https://sullygnome.com/channel/stream/41742671499
41746840667,2023-01-20T17:39:31Z,22860,3745,7018,118,"Just Chatting, Fallout: New Vegas",https://sullygnome.com/channel/stream/41746840667
41756894187,2023-01-22T23:43:40Z,28020,3466,8939,2,"Just Chatting, Fallout: New Vegas",https://sullygnome.com/channel/stream/41756894187
41759665675,2023-01-23T18:08:00Z,12120,4158,6591,36,Fallout: New Vegas,https://sullygnome.com/channel/stream/41759665675
41767653195,2023-01-25T17:54:33Z,19260,2009,2488,14,"Just Chatting, Fallout: New Vegas",https://sullygnome.com/channel/stream/41767653195
41771651275,2023-01-26T18:12:51Z,17280,2335,3911,68,"Just Chatting, Poker",https://sullygnome.com/channel/stream/41771651275
41813881243,2023-02-06T02:21:04Z,15840,2160,4039,36,"Just Chatting, Fallout 3",https://sullygnome.com/channel/stream/41813881243
41815905483,2023-02-06T17:43:12Z,24420,2026,6471,26,"Just Chatting, Poker, Fallout 3",https://sullygnome.com/channel/stream/41815905483
41819920203,2023-02-07T18:34:58Z,9660,2046,2969,76,Just Chatting,https://sullygnome.com/channel/stream/41819920203
41822364043,2023-02-08T03:24:04Z,12960,1634,2450,63,"Just Chatting, Fallout 3",https://sullygnome.com/channel/stream/41822364043
41824489707,2023-02-08T18:13:18Z,17220,2315,3159,30,"Just Chatting, Fallout 3",https://sullygnome.com/channel/stream/41824489707
41829448411,2023-02-09T17:53:48Z,13020,4108,8012,56,"Just Chatting, Fallout 3",https://sullygnome.com/channel/stream/41829448411
41832626411,2023-02-10T04:21:40Z,12240,1500,2695,38,"Just Chatting, Cyberpunk 2077",https://sullygnome.com/channel/stream/41832626411
47966187981,2023-02-13T23:54:58Z,23760,3581,6640,45,"Just Chatting, Dark and Darker",https://sullygnome.com/channel/stream/47966187981
47978282637,2023-02-16T03:17:55Z,19680,2761,5224,196,"Just Chatting, Dark and Darker, Cyberpunk 2077",https://sullygnome.com/channel/stream/47978282637
47980423725,2023-02-16T17:29:53Z,29760,4471,7066,229,"Just Chatting, Star Citizen, Cyberpunk 2077",https://sullygnome.com/channel/stream/47980423725
47986319437,2023-02-17T18:10:28Z,39900,2840,3731,32,"Just Chatting, Star Citizen, Kingdom Come: Deliverance",https://sullygnome.com/channel/stream/47986319437
47992544925,2023-02-18T17:57:11Z,40680,5335,8807,74,"Just Chatting, Star Citizen, Kingdom Come: Deliverance",https://sullygnome.com/channel/stream/47992544925
47999365245,2023-02-19T18:38:49Z,36420,3450,4455,15,"Just Chatting, Kingdom Come: Deliverance, Hellish Quart, Chivalry 2",https://sullygnome.com/channel/stream/47999365245
48010787613,2023-02-21T14:09:44Z,23760,5117,6833,291,"Just Chatting, Star Citizen, Kingdom Come: Deliverance",https://sullygnome.com/channel/stream/48010787613
48016926125,2023-02-22T17:40:48Z,17400,3128,4799,89,"Just Chatting, Star Citizen, GODDESS OF VICTORY: NIKKE, Kingdom Come: Deliverance",https://sullygnome.com/channel/stream/48016926125
48022594589,2023-02-23T17:36:44Z,24840,3102,4163,111,"Just Chatting, Star Citizen, Sons of the Forest",https://sullygnome.com/channel/stream/48022594589
41895327259,2023-02-25T21:46:40Z,9840,11247,18220,407,Just Chatting,https://sullygnome.com/channel/stream/41895327259
48047071437,2023-02-27T18:11:35Z,50640,6392,9797,883,"Just Chatting, Sons of the Forest",https://sullygnome.com/channel/stream/48047071437
41911142891,2023-03-02T00:24:34Z,33660,3211,5195,301,"Just Chatting, Sons of the Forest",https://sullygnome.com/channel/stream/41911142891
48088695949,2023-03-06T23:27:23Z,21780,4974,9055,370,"Just Chatting, Sons of the Forest",https://sullygnome.com/channel/stream/48088695949
48091915101,2023-03-07T14:20:50Z,15000,5134,6175,114,"Just Chatting, Kingdom Come: Deliverance",https://sullygnome.com/channel/stream/48091915101
48100723885,2023-03-09T03:01:22Z,15240,3116,5552,18,"Just Chatting, Satisfactory",https://sullygnome.com/channel/stream/48100723885
48102911277,2023-03-09T18:15:29Z,16200,4091,5400,112,"Just Chatting, Contraband Police",https://sullygnome.com/channel/stream/48102911277
48128012509,2023-03-13T22:30:27Z,27900,2811,3775,20,"Just Chatting, Kingdom Come: Deliverance",https://sullygnome.com/channel/stream/48128012509
48132138109,2023-03-14T17:17:22Z,14280,5157,8946,180,"Just Chatting, Kingdom Come: Deliverance",https://sullygnome.com/channel/stream/48132138109
48143365229,2023-03-16T17:58:22Z,10920,4416,6545,8,"Just Chatting, Kingdom Come: Deliverance",https://sullygnome.com/channel/stream/48143365229
48167225837,2023-03-20T16:32:49Z,38580,4442,5969,393,"Just Chatting, The Elder Scrolls V: Skyrim - Special Edition",https://sullygnome.com/channel/stream/48167225837
48172773629,2023-03-21T17:15:46Z,24300,5118,8062,240,"Just Chatting, The Elder Scrolls V: Skyrim - Special Edition",https://sullygnome.com/channel/stream/48172773629
48178054797,2023-03-22T16:56:28Z,22740,1983,2437,49,"Just Chatting, The Elder Scrolls V: Skyrim - Special Edition",https://sullygnome.com/channel/stream/48178054797
48183404349,2023-03-23T17:01:06Z,18840,4832,9372,171,"Just Chatting, The Elder Scrolls V: Skyrim - Special Edition",https://sullygnome.com/channel/stream/48183404349
42012078875,2023-03-27T17:29:43Z,6360,15892,19378,317,Just Chatting,https://sullygnome.com/channel/stream/42012078875
48213495597,2023-03-28T16:52:23Z,24780,3258,4908,64,"Just Chatting, The Elder Scrolls V: Skyrim - Special Edition",https://sullygnome.com/channel/stream/48213495597
42019708955,2023-03-29T16:45:55Z,10800,11758,15069,480,Just Chatting,https://sullygnome.com/channel/stream/42019708955
48224549981,2023-03-30T17:13:14Z,9120,5929,8512,118,"Just Chatting, Minecraft",https://sullygnome.com/channel/stream/48224549981
48248747917,2023-04-03T17:27:44Z,43380,2934,5682,188,"Just Chatting, The Elder Scrolls V: Skyrim - Special Edition",https://sullygnome.com/channel/stream/48248747917
48254007613,2023-04-04T15:47:17Z,17880,2722,3393,39,"Just Chatting, Meet Your Maker",https://sullygnome.com/channel/stream/48254007613
48256381533,2023-04-04T23:27:05Z,28080,2476,4954,72,"Just Chatting, My Summer Car, The Long Drive, No Man's Sky, Smalland: Survive the Wilds, Crab Champions",https://sullygnome.com/channel/stream/48256381533
48259831821,2023-04-05T16:35:13Z,19500,2671,3671,16,"Just Chatting, No Man's Sky, Black &amp; White, Black &amp; White 2",https://sullygnome.com/channel/stream/48259831821
48265549709,2023-04-06T16:52:42Z,25680,4209,6634,58,"Just Chatting, Valheim",https://sullygnome.com/channel/stream/48265549709
48290759901,2023-04-10T21:05:37Z,31200,3499,4886,20,"Just Chatting, Valheim",https://sullygnome.com/channel/stream/48290759901
48295364669,2023-04-11T16:51:04Z,32940,2824,4071,83,"Just Chatting, Valheim",https://sullygnome.com/channel/stream/48295364669
48300921773,2023-04-12T16:42:18Z,53280,2712,4222,27,"Just Chatting, Valheim",https://sullygnome.com/channel/stream/48300921773
48306368077,2023-04-13T16:37:01Z,14880,3899,8195,55,"Just Chatting,  SEKIRO: SHADOWS DIE TWICE",https://sullygnome.com/channel/stream/48306368077
42093754571,2023-04-18T00:06:55Z,27540,2946,6410,61,"Just Chatting, Valheim",https://sullygnome.com/channel/stream/42093754571
48335483565,2023-04-18T16:41:05Z,21840,2861,3711,14,"Just Chatting, Valheim",https://sullygnome.com/channel/stream/48335483565
48341001309,2023-04-19T16:46:10Z,26040,3702,7599,152,"Just Chatting, Valheim",https://sullygnome.com/channel/stream/48341001309
48347589725,2023-04-20T21:54:19Z,28260,2230,2876,33,"Just Chatting, Valheim",https://sullygnome.com/channel/stream/48347589725
48352717869,2023-04-21T21:09:21Z,12960,1637,2418,0,"Just Chatting, Valheim",https://sullygnome.com/channel/stream/48352717869
48370029821,2023-04-24T16:58:21Z,28020,3636,6326,22,"Just Chatting, Medieval Dynasty, Valheim",https://sullygnome.com/channel/stream/48370029821
48374888797,2023-04-25T15:15:37Z,21600,2940,4141,8,"Just Chatting, Golf It!, Golf Gang",https://sullygnome.com/channel/stream/48374888797
48384356029,2023-04-27T05:03:46Z,9720,2292,3960,35,Just Chatting,https://sullygnome.com/channel/stream/48384356029
48385557501,2023-04-27T17:03:34Z,19620,4247,7885,33,"Just Chatting, Star Citizen, Internet Cafe Simulator 2",https://sullygnome.com/channel/stream/48385557501
42145230827,2023-05-01T20:05:04Z,17700,6068,8137,205,Just Chatting,https://sullygnome.com/channel/stream/42145230827
48424549757,2023-05-04T03:12:21Z,10980,5437,7330,184,Just Chatting,https://sullygnome.com/channel/stream/48424549757
48426313421,2023-05-04T17:18:12Z,20520,4102,7737,32,"Just Chatting, Internet Cafe Simulator 2",https://sullygnome.com/channel/stream/48426313421
48431684045,2023-05-05T17:14:48Z,19860,2485,3800,45,"Just Chatting, Internet Cafe Simulator 2, Dark Souls: Remastered",https://sullygnome.com/channel/stream/48431684045
48437685805,2023-05-06T16:55:32Z,22800,4461,7351,108,"Just Chatting, Dark Souls: Remastered, EVE Online, Dark Souls",https://sullygnome.com/channel/stream/48437685805
48450119501,2023-05-08T17:23:50Z,29220,3199,5438,112,"Just Chatting, Dark Souls, Dark Souls: Remastered",https://sullygnome.com/channel/stream/48450119501
48455432077,2023-05-09T17:43:56Z,31620,2635,3153,3,"Just Chatting, Dark Souls: Remastered",https://sullygnome.com/channel/stream/48455432077
48461009325,2023-05-10T18:05:27Z,21300,1835,2884,-4,"Just Chatting, Dark Souls: Remastered",https://sullygnome.com/channel/stream/48461009325
48466342525,2023-05-11T17:17:42Z,22380,3050,4127,-9,"Just Chatting, Dark Souls: Remastered",https://sullygnome.com/channel/stream/48466342525
42189402459,2023-05-13T17:56:01Z,7440,7474,9060,80,Just Chatting,https://sullygnome.com/channel/stream/42189402459
48495161997,2023-05-16T17:24:26Z,21960,1785,2291,48,"Just Chatting, Dark Souls: Remastered",https://sullygnome.com/channel/stream/48495161997
48500325005,2023-05-17T16:36:16Z,20340,1414,2110,45,"Just Chatting, Dark Souls: Remastered",https://sullygnome.com/channel/stream/48500325005
48506383117,2023-05-18T18:31:17Z,25140,1819,2443,31,"Just Chatting, Dark Souls: Remastered",https://sullygnome.com/channel/stream/48506383117
48511710989,2023-05-19T16:47:03Z,40380,3358,11079,119,"Just Chatting, Dark Souls: Remastered",https://sullygnome.com/channel/stream/48511710989
48532159469,2023-05-22T18:40:34Z,39000,2426,3586,381,"Just Chatting, Dark Souls: Remastered, Poker",https://sullygnome.com/channel/stream/48532159469
48537615069,2023-05-23T18:17:21Z,25080,2511,4244,23,"Just Chatting, Dark Souls: Remastered, DARK SOULS III",https://sullygnome.com/channel/stream/48537615069
48543605613,2023-05-24T20:40:17Z,10200,23093,31536,567,Just Chatting,https://sullygnome.com/channel/stream/48543605613
48553411597,2023-05-26T16:26:19Z,18240,3612,5528,69,"Just Chatting, The Lord of the Rings: Gollum, DARK SOULS III",https://sullygnome.com/channel/stream/48553411597
48571780557,2023-05-29T17:10:59Z,48900,2884,6231,55,"Just Chatting, PowerWash Simulator, DARK SOULS III, Poker",https://sullygnome.com/channel/stream/48571780557
48577546397,2023-05-30T17:44:48Z,7260,4015,5470,31,Just Chatting,https://sullygnome.com/channel/stream/48577546397
48618306173,2023-06-05T22:44:48Z,26160,2898,6936,441,"Just Chatting, Diablo IV, Poker",https://sullygnome.com/channel/stream/48618306173
48622893293,2023-06-06T16:37:12Z,18480,2136,3128,4,"Just Chatting, Diablo IV",https://sullygnome.com/channel/stream/48622893293
48629753581,2023-06-07T17:14:27Z,49560,2638,5634,178,"Just Chatting, Diablo IV",https://sullygnome.com/channel/stream/48629753581
48635702653,2023-06-08T17:03:36Z,11520,3421,6344,33,"Just Chatting, Special Events",https://sullygnome.com/channel/stream/48635702653
42334948459,2023-06-17T01:27:22Z,18180,2359,9205,-30,"Just Chatting, Only Up!",https://sullygnome.com/channel/stream/42334948459
42339927819,2023-06-17T20:08:41Z,10320,1026,2275,-26,"Just Chatting, Genshin Impact",https://sullygnome.com/channel/stream/42339927819
41511609465,2023-06-18T16:53:44Z,28320,5827,11089,304,"Just Chatting, Genshin Impact, BattleBit Remastered",https://sullygnome.com/channel/stream/41511609465
41519053337,2023-06-19T16:56:41Z,29040,3082,4310,158,"Just Chatting, Only Up!, BattleBit Remastered",https://sullygnome.com/channel/stream/41519053337
41525324617,2023-06-20T14:50:41Z,25800,3843,4929,118,"Just Chatting, L.A. Noire",https://sullygnome.com/channel/stream/41525324617
42367078699,2023-06-22T00:29:49Z,15360,2194,2892,12,"Just Chatting, L.A. Noire",https://sullygnome.com/channel/stream/42367078699
48703930077,2023-06-22T16:49:11Z,19560,2426,3349,72,"Just Chatting, Only Up!",https://sullygnome.com/channel/stream/48703930077
48726189197,2023-06-25T17:00:54Z,25200,4755,8710,154,"Unlisted on Twitch, Just Chatting, L.A. Noire",https://sullygnome.com/channel/stream/48726189197
48733507533,2023-06-26T16:59:57Z,27060,3760,6389,13,"Just Chatting, L.A. Noire, Holdfast: Nations At War, Mount &amp; Blade II: Bannerlord",https://sullygnome.com/channel/stream/48733507533
48747765981,2023-06-28T16:51:10Z,25740,2384,3860,53,"Just Chatting, Mount &amp; Blade II: Bannerlord",https://sullygnome.com/channel/stream/48747765981
48757551565,2023-06-29T23:21:52Z,14940,2089,5846,28,"Just Chatting, Tower of Fantasy",https://sullygnome.com/channel/stream/48757551565
48762013629,2023-06-30T16:48:34Z,18720,2605,3590,38,"Just Chatting, Dave the Diver",https://sullygnome.com/channel/stream/48762013629
48765734221,2023-07-01T01:58:02Z,14520,3444,5557,104,Just Chatting,https://sullygnome.com/channel/stream/48765734221
48769233261,2023-07-01T16:53:40Z,15720,3606,8041,72,"Just Chatting, Mount &amp; Blade II: Bannerlord",https://sullygnome.com/channel/stream/48769233261
48799541117,2023-07-05T23:04:00Z,34860,3359,5760,90,"Just Chatting, Dating Simulator, Landlord's Super, Raft",https://sullygnome.com/channel/stream/48799541117
48803913373,2023-07-06T16:34:32Z,10560,1414,1872,-11,"Just Chatting, Mount &amp; Blade II: Bannerlord, Unlisted on Twitch",https://sullygnome.com/channel/stream/48803913373
48811004893,2023-07-07T16:38:59Z,32820,4018,7187,171,"Just Chatting, Games + Demos",https://sullygnome.com/channel/stream/48811004893
48819729869,2023-07-08T20:29:02Z,19860,5509,8214,43,"Just Chatting, Landlord's Super",https://sullygnome.com/channel/stream/48819729869
48833107517,2023-07-10T17:29:03Z,40560,2780,7244,38,"Just Chatting, Landlord's Super, Weed Shop 3, SCP: 5K",https://sullygnome.com/channel/stream/48833107517
48839804093,2023-07-11T16:42:43Z,27180,2730,3837,53,"Just Chatting, Weed Shop 3",https://sullygnome.com/channel/stream/48839804093
48846681149,2023-07-12T16:37:14Z,22080,4372,7593,41,"Just Chatting, Garry's Mod, BeamNG.drive",https://sullygnome.com/channel/stream/48846681149
48853706941,2023-07-13T17:03:43Z,46620,2964,5724,20,"Just Chatting, DARK SOULS III, Barista Simulator, Weed Shop 3, Unlisted on Twitch",https://sullygnome.com/channel/stream/48853706941
48863847117,2023-07-14T20:12:29Z,47880,3391,6455,217,"Just Chatting, NARAKA: BLADEPOINT, Unlisted on Twitch",https://sullygnome.com/channel/stream/48863847117
48873943149,2023-07-15T22:29:35Z,16260,2925,3762,31,"Just Chatting, Grounded",https://sullygnome.com/channel/stream/48873943149
48889249245,2023-07-17T17:15:40Z,32400,2613,3375,12,"Just Chatting, Cities: Skylines",https://sullygnome.com/channel/stream/48889249245
48899355837,2023-07-18T20:15:38Z,32400,2251,4255,6,"Just Chatting, Kenshi",https://sullygnome.com/channel/stream/48899355837
42493520363,2023-07-24T02:41:57Z,14640,2632,4096,20,"Unlisted on Twitch, Just Chatting",https://sullygnome.com/channel/stream/42493520363
48945859757,2023-07-24T15:38:10Z,37320,2814,5662,-25,"Just Chatting, Forever Skies, Kenshi, Vaudeville",https://sullygnome.com/channel/stream/48945859757
48955226445,2023-07-25T18:39:02Z,51660,3143,6737,-34,"Just Chatting, Vaudeville, Grounded",https://sullygnome.com/channel/stream/48955226445
42510143259,2023-07-26T19:46:56Z,39540,2260,4956,-3,"Just Chatting, Ultimate Epic Battle Simulator 2, Grounded",https://sullygnome.com/channel/stream/42510143259
48969954893,2023-07-27T15:51:28Z,15840,2897,4142,-8,"Just Chatting, Ultimate Epic Battle Simulator 2, Fallout 76",https://sullygnome.com/channel/stream/48969954893
48978882669,2023-07-28T18:07:19Z,29280,4649,8598,97,"Just Chatting, Metal Gear Solid V: The Phantom Pain",https://sullygnome.com/channel/stream/48978882669
48998339549,2023-07-31T02:03:47Z,14220,1740,2396,32,"Just Chatting, Green Hell, Muck, Conan Exiles",https://sullygnome.com/channel/stream/48998339549
49003890621,2023-07-31T20:25:02Z,38100,3318,4223,38,"Just Chatting, Remnant II, Conan Exiles",https://sullygnome.com/channel/stream/49003890621
49016537725,2023-08-02T17:23:15Z,34620,2646,4105,28,"Just Chatting, Conan Exiles",https://sullygnome.com/channel/stream/49016537725
49022813965,2023-08-03T16:43:52Z,13620,1439,2711,40,"Just Chatting, Baldur's Gate 3",https://sullygnome.com/channel/stream/49022813965
49048996061,2023-08-07T16:32:20Z,40380,2823,6839,25,"Just Chatting, Conan Exiles, Dark and Darker",https://sullygnome.com/channel/stream/49048996061
49055700797,2023-08-08T17:04:18Z,24960,2603,4024,36,"Just Chatting, Dark and Darker",https://sullygnome.com/channel/stream/49055700797
49061959485,2023-08-09T16:30:39Z,26100,2160,3196,13,"Just Chatting, Dark and Darker",https://sullygnome.com/channel/stream/49061959485
49068947517,2023-08-10T18:57:15Z,26280,2704,6442,24,"Just Chatting, Dark and Darker",https://sullygnome.com/channel/stream/49068947517
49074671101,2023-08-11T17:06:58Z,5940,4108,5836,-5,Just Chatting,https://sullygnome.com/channel/stream/49074671101
42603740603,2023-08-14T00:25:32Z,19200,1975,2579,-1,"Just Chatting, Old School RuneScape",https://sullygnome.com/channel/stream/42603740603
49094591245,2023-08-14T18:09:31Z,18360,1828,2527,8,"Just Chatting, Old School RuneScape",https://sullygnome.com/channel/stream/49094591245
49102368701,2023-08-15T22:21:17Z,28440,1416,1978,-3,"Just Chatting, Old School RuneScape, NARAKA: BLADEPOINT",https://sullygnome.com/channel/stream/49102368701
49106777469,2023-08-16T17:01:25Z,17940,2855,5408,39,"Just Chatting, Old School RuneScape",https://sullygnome.com/channel/stream/49106777469
41746059433,2023-08-18T02:31:57Z,7140,4989,6060,92,Just Chatting,https://sullygnome.com/channel/stream/41746059433
49121522381,2023-08-18T23:08:43Z,11220,4970,7410,53,Just Chatting,https://sullygnome.com/channel/stream/49121522381
40548248519,2023-08-21T00:41:26Z,11940,3596,5933,68,"Just Chatting, Mortal Kombat 1",https://sullygnome.com/channel/stream/40548248519
40553041991,2023-08-22T16:06:57Z,21240,2047,2616,139,"Just Chatting, Special Events, MARVEL SNAP",https://sullygnome.com/channel/stream/40553041991
40555792567,2023-08-23T16:26:24Z,17340,2240,2916,56,"Just Chatting, Dark and Darker, Special Events, HITMAN World of Assassination",https://sullygnome.com/channel/stream/40555792567
40558583223,2023-08-24T18:23:15Z,29220,1792,2750,-11,"Just Chatting, Fortnite, ARMORED CORE VI FIRES OF RUBICON",https://sullygnome.com/channel/stream/40558583223
40563985511,2023-08-26T17:04:35Z,15960,2756,3530,70,Just Chatting,https://sullygnome.com/channel/stream/40563985511
40566655591,2023-08-27T16:17:49Z,16980,4263,8486,31,Just Chatting,https://sullygnome.com/channel/stream/40566655591
42663764875,2023-08-28T00:12:16Z,22680,2096,2870,-11,"Just Chatting, WrestleQuest",https://sullygnome.com/channel/stream/42663764875
49186770029,2023-08-28T18:14:30Z,30660,2483,3467,48,"Just Chatting, Fortnite, Old School RuneScape",https://sullygnome.com/channel/stream/49186770029
49190959805,2023-08-29T04:26:50Z,9240,1157,1513,14,"Just Chatting, Old School RuneScape",https://sullygnome.com/channel/stream/49190959805
49192467501,2023-08-29T15:28:12Z,10020,2343,3146,16,"Just Chatting, Old School RuneScape",https://sullygnome.com/channel/stream/49192467501
49197643133,2023-08-30T04:20:54Z,11400,1229,1604,5,"Just Chatting, Old School RuneScape",https://sullygnome.com/channel/stream/49197643133
49199843805,2023-08-30T17:21:58Z,20340,4015,5261,46,"Unlisted on Twitch, Just Chatting, Lies of P",https://sullygnome.com/channel/stream/49199843805
49203502845,2023-08-31T02:23:40Z,21120,2520,4694,50,"Just Chatting, Cuphead",https://sullygnome.com/channel/stream/49203502845
42680369115,2023-08-31T22:33:16Z,87120,4394,7782,274,"Just Chatting, Starfield",https://sullygnome.com/channel/stream/42680369115
42704052123,2023-09-05T00:20:20Z,25800,2634,6632,213,"Just Chatting, Starfield",https://sullygnome.com/channel/stream/42704052123
42708448411,2023-09-05T23:32:38Z,28680,2395,5593,89,"Just Chatting, Starfield",https://sullygnome.com/channel/stream/42708448411
42713797051,2023-09-07T00:08:32Z,30120,2257,3160,67,"Just Chatting, Starfield",https://sullygnome.com/channel/stream/42713797051
42717947867,2023-09-07T22:37:12Z,14880,2138,5142,17,"Just Chatting, Starfield",https://sullygnome.com/channel/stream/42717947867
42723777323,2023-09-09T00:20:00Z,17700,3947,5197,23,Just Chatting,https://sullygnome.com/channel/stream/42723777323
42738787259,2023-09-11T20:31:40Z,9840,1380,1816,-9,"Just Chatting, Sunkenland, Old School RuneScape",https://sullygnome.com/channel/stream/42738787259
42748318747,2023-09-13T01:12:45Z,17280,2838,4735,67,"Just Chatting, Old School RuneScape",https://sullygnome.com/channel/stream/42748318747
42754279531,2023-09-13T21:47:31Z,36780,1731,3956,-23,"Just Chatting, Old School RuneScape",https://sullygnome.com/channel/stream/42754279531
42759888811,2023-09-14T23:41:02Z,16440,2141,3438,18,"Just Chatting, The Matchless KungFu, Old School RuneScape",https://sullygnome.com/channel/stream/42759888811
42764909515,2023-09-15T23:22:05Z,15780,4271,6403,20,Just Chatting,https://sullygnome.com/channel/stream/42764909515
49316939981,2023-09-18T17:00:39Z,25200,2538,3646,76,"Just Chatting, World of Warcraft",https://sullygnome.com/channel/stream/49316939981
42784679547,2023-09-19T18:48:57Z,41220,2671,3520,64,"Just Chatting, World of Warcraft",https://sullygnome.com/channel/stream/42784679547
42797901499,2023-09-21T23:44:52Z,5460,2602,3780,13,Just Chatting,https://sullygnome.com/channel/stream/42797901499
49363783741,2023-09-25T20:12:35Z,40680,2847,7415,-7,"Just Chatting, Cyberpunk 2077",https://sullygnome.com/channel/stream/49363783741
49370195965,2023-09-26T20:09:47Z,41760,2006,3088,40,"Just Chatting, Cyberpunk 2077",https://sullygnome.com/channel/stream/49370195965
49376903213,2023-09-27T20:40:37Z,16500,1163,1434,-19,"Just Chatting, Cyberpunk 2077",https://sullygnome.com/channel/stream/49376903213
49381705597,2023-09-28T16:54:40Z,20160,3363,5675,-1,"Just Chatting, Origins",https://sullygnome.com/channel/stream/49381705597
49388088045,2023-09-29T16:53:34Z,11220,3432,6266,9,Just Chatting,https://sullygnome.com/channel/stream/49388088045
49417222909,2023-10-03T19:56:03Z,17340,2345,2964,22,Just Chatting,https://sullygnome.com/channel/stream/49417222909
42861740571,2023-10-04T21:52:25Z,31080,2650,3593,7,Just Chatting,https://sullygnome.com/channel/stream/42861740571
42867429051,2023-10-06T00:12:06Z,10980,1971,2815,-1,Just Chatting,https://sullygnome.com/channel/stream/42867429051
49456988413,2023-10-09T17:01:49Z,43140,2403,3553,-18,"Just Chatting, Land of the Vikings",https://sullygnome.com/channel/stream/49456988413
42891697355,2023-10-10T22:30:55Z,17100,3438,5109,46,Just Chatting,https://sullygnome.com/channel/stream/42891697355
49469811709,2023-10-11T16:48:52Z,21420,2856,6197,1,"Just Chatting, Honkai: Star Rail",https://sullygnome.com/channel/stream/49469811709
49477268493,2023-10-12T18:45:40Z,16200,1649,2136,-6,"Just Chatting, Jump King",https://sullygnome.com/channel/stream/49477268493
49483323837,2023-10-13T17:18:58Z,24120,1660,2574,51,"Just Chatting, World of Warcraft",https://sullygnome.com/channel/stream/49483323837
49497852221,2023-10-15T16:45:45Z,26100,3946,9204,57,"Just Chatting, World of Warcraft",https://sullygnome.com/channel/stream/49497852221
41945063561,2023-10-16T18:46:52Z,30540,3514,5254,67,Just Chatting,https://sullygnome.com/channel/stream/41945063561
49511577581,2023-10-17T17:38:06Z,18420,1931,2853,40,"Just Chatting, Enshrouded, World of Warcraft",https://sullygnome.com/channel/stream/49511577581
49518224509,2023-10-18T18:32:46Z,25980,3859,8858,162,Just Chatting,https://sullygnome.com/channel/stream/49518224509
49561502029,2023-10-24T21:00:46Z,38700,2964,3937,304,"Just Chatting, World of Warcraft",https://sullygnome.com/channel/stream/49561502029
49567320141,2023-10-25T19:29:21Z,19860,3575,6785,72,"Just Chatting, Half Sword",https://sullygnome.com/channel/stream/49567320141
49575195661,2023-10-26T23:31:01Z,26040,3488,6636,255,"Just Chatting, World of Warcraft",https://sullygnome.com/channel/stream/49575195661
49583070525,2023-10-28T03:12:22Z,11880,1789,2549,67,"Just Chatting, World of Warcraft",https://sullygnome.com/channel/stream/49583070525
42990985003,2023-10-30T22:30:36Z,41400,4042,9872,357,"Just Chatting, HITMAN World of Assassination, World of Warcraft",https://sullygnome.com/channel/stream/42990985003
49613740829,2023-11-01T20:49:05Z,21360,4609,7225,23,"Just Chatting, Half Sword",https://sullygnome.com/channel/stream/49613740829
49618817997,2023-11-02T17:25:10Z,22800,3686,4434,148,"Just Chatting, World of Warcraft",https://sullygnome.com/channel/stream/49618817997
49626038205,2023-11-03T17:31:32Z,19740,1421,2167,38,"Just Chatting, Special Events, World of Warcraft",https://sullygnome.com/channel/stream/49626038205
43021891771,2023-11-05T21:48:12Z,36720,5064,10644,117,"Just Chatting, World of Warcraft",https://sullygnome.com/channel/stream/43021891771
49648649501,2023-11-06T18:08:14Z,45420,4251,7397,399,"Just Chatting, World of Warcraft",https://sullygnome.com/channel/stream/49648649501
49655559197,2023-11-07T18:38:52Z,21120,3056,4084,162,"Just Chatting, World of Warcraft",https://sullygnome.com/channel/stream/49655559197
49663719501,2023-11-08T18:03:44Z,22320,5186,8188,291,"Just Chatting, World of Warcraft",https://sullygnome.com/channel/stream/49663719501
49670934861,2023-11-09T18:40:07Z,59700,3532,9445,37,"Just Chatting, World of Warcraft",https://sullygnome.com/channel/stream/49670934861
49686730285,2023-11-11T20:28:26Z,14520,2922,4513,183,"Just Chatting, World of Warcraft",https://sullygnome.com/channel/stream/49686730285
49703054701,2023-11-13T22:37:36Z,33780,3639,5044,78,"Just Chatting, World of Warcraft",https://sullygnome.com/channel/stream/49703054701
49708309581,2023-11-14T18:48:32Z,17820,3945,5093,54,"Just Chatting, World of Warcraft",https://sullygnome.com/channel/stream/49708309581
43068263563,2023-11-15T23:39:59Z,8460,4550,8846,62,"Just Chatting, World of Warcraft",https://sullygnome.com/channel/stream/43068263563
43080289243,2023-11-18T04:34:18Z,9660,29617,40023,1108,"Just Chatting, Pools, Hot Tubs, and Beaches",https://sullygnome.com/channel/stream/43080289243
49751296797,2023-11-20T17:56:50Z,49740,5219,12625,720,"Just Chatting, World of Warcraft",https://sullygnome.com/channel/stream/49751296797
49760828221,2023-11-21T23:07:10Z,28380,3363,4594,277,"Just Chatting, World of Warcraft",https://sullygnome.com/channel/stream/49760828221
49767295549,2023-11-22T20:50:16Z,15000,1682,2425,42,"Just Chatting, World of Warcraft",https://sullygnome.com/channel/stream/49767295549
49772864461,2023-11-23T16:15:05Z,18000,8032,12892,438,"Just Chatting, World of Warcraft",https://sullygnome.com/channel/stream/49772864461
49780700173,2023-11-24T17:24:28Z,3060,2350,4552,36,"Unlisted on Twitch, World of Warcraft",https://sullygnome.com/channel/stream/49780700173
49806120877,2023-11-27T23:13:12Z,30720,4307,6056,11,"Just Chatting, World of Warcraft",https://sullygnome.com/channel/stream/49806120877
49811396413,2023-11-28T19:32:43Z,22380,2421,3312,107,"Just Chatting, World of Warcraft, Clash of Clans",https://sullygnome.com/channel/stream/49811396413
49817655133,2023-11-29T18:12:03Z,13680,2918,5232,10,"Just Chatting, World of Warcraft",https://sullygnome.com/channel/stream/49817655133
49820105485,2023-11-30T00:14:01Z,24360,2279,3478,17,"Just Chatting, World of Warcraft, Call of Dragons",https://sullygnome.com/channel/stream/49820105485
49825298461,2023-11-30T20:12:21Z,20880,1188,1877,44,"Just Chatting, World of Warcraft, Call of Dragons",https://sullygnome.com/channel/stream/49825298461
42089157609,2023-12-04T21:52:45Z,34680,3078,6406,-8,"Just Chatting, World of Warcraft",https://sullygnome.com/channel/stream/42089157609
49862560141,2023-12-05T18:17:10Z,6180,1613,2439,-1,"Just Chatting, World of Warcraft",https://sullygnome.com/channel/stream/49862560141
49871455229,2023-12-06T23:11:08Z,34440,1989,2749,40,"Just Chatting, World of Warcraft",https://sullygnome.com/channel/stream/49871455229
49876403773,2023-12-07T18:29:06Z,19860,3168,6650,2,"Just Chatting, World of Warcraft",https://sullygnome.com/channel/stream/49876403773
49883138445,2023-12-08T18:37:20Z,18480,3132,5731,-25,"Just Chatting, Atomic Picnic",https://sullygnome.com/channel/stream/49883138445
43200002091,2023-12-09T01:13:53Z,18120,1969,2870,24,"Just Chatting, Clash of Clans",https://sullygnome.com/channel/stream/43200002091
43204188603,2023-12-09T20:58:41Z,15420,3998,10892,7,"Just Chatting, Clash of Clans",https://sullygnome.com/channel/stream/43204188603
49897839133,2023-12-10T17:58:19Z,14520,5228,9031,3,"Just Chatting, Clash of Clans",https://sullygnome.com/channel/stream/49897839133
42109149401,2023-12-11T21:51:19Z,19440,4211,6467,-10,Just Chatting,https://sullygnome.com/channel/stream/42109149401
49912753437,2023-12-12T20:45:25Z,44100,2297,3909,-13,"Just Chatting, World of Warcraft, Cities: Skylines II, Atomic Picnic",https://sullygnome.com/channel/stream/49912753437
49924096621,2023-12-14T15:41:51Z,15540,4683,6414,69,Just Chatting,https://sullygnome.com/channel/stream/49924096621
49933502845,2023-12-15T21:44:26Z,13560,4604,6536,120,"Just Chatting, Grand Theft Auto V",https://sullygnome.com/channel/stream/49933502845
49954962813,2023-12-18T20:41:06Z,39840,9401,14270,1524,"Just Chatting, Grand Theft Auto V",https://sullygnome.com/channel/stream/49954962813
43256244091,2023-12-20T01:43:13Z,26220,4597,9790,58,"Just Chatting, Grand Theft Auto V",https://sullygnome.com/channel/stream/43256244091
43260789499,2023-12-21T00:16:22Z,37740,5985,10853,967,"Just Chatting, Grand Theft Auto V",https://sullygnome.com/channel/stream/43260789499
49973851549,2023-12-21T16:42:44Z,21780,8295,14602,651,"Just Chatting, Grand Theft Auto V",https://sullygnome.com/channel/stream/49973851549
49981660333,2023-12-22T17:59:42Z,25260,6173,9584,48,"Just Chatting, Grand Theft Auto V",https://sullygnome.com/channel/stream/49981660333
50009295085,2023-12-26T17:21:44Z,40140,8530,14086,1204,"Just Chatting, Grand Theft Auto V",https://sullygnome.com/channel/stream/50009295085
50017706061,2023-12-27T17:47:50Z,21480,5987,9945,75,"Just Chatting, Grand Theft Auto V",https://sullygnome.com/channel/stream/50017706061
50025269421,2023-12-28T17:28:16Z,24420,8648,12369,63,"Just Chatting, Grand Theft Auto V",https://sullygnome.com/channel/stream/50025269421
50030907293,2023-12-29T05:35:56Z,15900,7345,11549,417,"Just Chatting, Grand Theft Auto V",https://sullygnome.com/channel/stream/50030907293
50034096477,2023-12-29T19:00:11Z,19800,5435,7817,65,"Just Chatting, Grand Theft Auto V",https://sullygnome.com/channel/stream/50034096477
50038460493,2023-12-30T05:31:00Z,12540,6596,12066,382,"Just Chatting, Grand Theft Auto V",https://sullygnome.com/channel/stream/50038460493
50040357021,2023-12-30T16:45:31Z,20700,4791,7995,69,"Just Chatting, Grand Theft Auto V, Stumble Guys",https://sullygnome.com/channel/stream/50040357021
50048487453,2023-12-31T17:38:46Z,14820,7763,14085,401,"Just Chatting, Grand Theft Auto V",https://sullygnome.com/channel/stream/50048487453
43319405707,2024-01-02T02:08:08Z,21120,6442,12700,1157,"Just Chatting, Grand Theft Auto V",https://sullygnome.com/channel/stream/43319405707
43326038939,2024-01-03T03:38:32Z,19320,6169,12434,458,Grand Theft Auto V,https://sullygnome.com/channel/stream/43326038939
43328861787,2024-01-03T18:29:34Z,9960,7763,14085,404,"Just Chatting, Grand Theft Auto V",https://sullygnome.com/channel/stream/43328861787
43336308667,2024-01-04T17:57:52Z,24480,5815,7899,238,Just Chatting,https://sullygnome.com/channel/stream/43336308667
43351717515,2024-01-06T18:07:50Z,22980,4536,5870,87,Just Chatting,https://sullygnome.com/channel/stream/43351717515
50135998973,2024-01-11T03:11:30Z,12840,2396,2999,26,Just Chatting,https://sullygnome.com/channel/stream/50135998973
50140611581,2024-01-11T20:11:40Z,17340,3959,5299,45,Just Chatting,https://sullygnome.com/channel/stream/50140611581
43406956331,2024-01-13T18:51:46Z,19440,3129,3991,27,Just Chatting,https://sullygnome.com/channel/stream/43406956331
50172702029,2024-01-15T06:13:38Z,16320,4973,8546,165,"Just Chatting, Grand Theft Auto V",https://sullygnome.com/channel/stream/50172702029
43424756667,2024-01-15T19:22:52Z,35580,5962,11551,10,"Just Chatting, Grand Theft Auto V",https://sullygnome.com/channel/stream/43424756667
42223482089,2024-01-16T19:20:08Z,37500,3862,6410,212,"Just Chatting, Grand Theft Auto V",https://sullygnome.com/channel/stream/42223482089
43447054811,2024-01-18T18:27:19Z,16380,4536,7525,42,"Just Chatting, Grand Theft Auto V",https://sullygnome.com/channel/stream/43447054811
43460475227,2024-01-20T17:57:42Z,19080,6087,8510,64,Just Chatting,https://sullygnome.com/channel/stream/43460475227
50229927901,2024-01-22T03:52:45Z,8580,2450,3641,24,"Just Chatting, Palworld",https://sullygnome.com/channel/stream/50229927901
50232371693,2024-01-22T17:06:00Z,21240,3152,4105,96,"Just Chatting, Palworld",https://sullygnome.com/channel/stream/50232371693
50240395549,2024-01-23T17:59:55Z,16260,3321,5740,14,"Just Chatting, Grand Theft Auto V, Palworld",https://sullygnome.com/channel/stream/50240395549
43503008363,2024-01-26T20:43:31Z,14520,5342,10047,31,Just Chatting,https://sullygnome.com/channel/stream/43503008363
43509453371,2024-01-27T19:16:38Z,8040,7096,9791,74,Just Chatting,https://sullygnome.com/channel/stream/43509453371
43522463115,2024-01-29T16:09:04Z,12960,5118,8410,94,Just Chatting,https://sullygnome.com/channel/stream/43522463115
50294549677,2024-01-30T20:58:04Z,40620,2741,5695,60,"Just Chatting, Suicide Squad: Kill the Justice League",https://sullygnome.com/channel/stream/50294549677
42274551529,2024-02-02T03:59:03Z,15360,3124,4492,2,"Just Chatting, Persona 3 Reload",https://sullygnome.com/channel/stream/42274551529
50316967645,2024-02-03T00:17:41Z,9780,17324,29035,527,Just Chatting,https://sullygnome.com/channel/stream/50316967645
42283942361,2024-02-05T01:58:05Z,9120,6104,11916,173,Just Chatting,https://sullygnome.com/channel/stream/42283942361
50350862765,2024-02-07T15:27:20Z,22680,6193,10691,320,Just Chatting,https://sullygnome.com/channel/stream/50350862765
50357869277,2024-02-08T16:36:45Z,16740,3855,6319,151,Just Chatting,https://sullygnome.com/channel/stream/50357869277
50379912205,2024-02-11T15:32:15Z,22380,6199,8466,218,Just Chatting,https://sullygnome.com/channel/stream/50379912205
50387581053,2024-02-12T15:32:34Z,43080,3707,5513,8,"Just Chatting, Infinite Craft",https://sullygnome.com/channel/stream/50387581053
43617105659,2024-02-13T20:10:54Z,14700,5076,7967,43,Just Chatting,https://sullygnome.com/channel/stream/43617105659
50408061949,2024-02-15T16:41:47Z,8340,3646,4746,26,Just Chatting,https://sullygnome.com/channel/stream/50408061949
43634808299,2024-02-16T22:15:00Z,18900,8696,12718,23,Just Chatting,https://sullygnome.com/channel/stream/43634808299
43656633995,2024-02-20T01:35:40Z,23100,5482,9351,149,Just Chatting,https://sullygnome.com/channel/stream/43656633995
43660683483,2024-02-20T20:15:11Z,36000,2481,3241,79,"Just Chatting, Nightingale, ELDEN RING",https://sullygnome.com/channel/stream/43660683483
50453496173,2024-02-21T16:18:11Z,33120,3503,8142,62,"Just Chatting, ELDEN RING",https://sullygnome.com/channel/stream/50453496173
43673749451,2024-02-22T23:59:55Z,34260,5016,11213,354,"Just Chatting, ELDEN RING",https://sullygnome.com/channel/stream/43673749451
50467570573,2024-02-23T16:37:27Z,11280,3443,5081,11,"Just Chatting, ELDEN RING",https://sullygnome.com/channel/stream/50467570573
43700906315,2024-02-27T00:52:17Z,25680,3659,4875,97,"Just Chatting, Supermarket Simulator",https://sullygnome.com/channel/stream/43700906315
43707342763,2024-02-28T00:45:06Z,29700,3796,8707,183,"Just Chatting, ELDEN RING",https://sullygnome.com/channel/stream/43707342763
43710851291,2024-02-28T17:52:42Z,11280,4026,6393,44,Just Chatting,https://sullygnome.com/channel/stream/43710851291
50514936877,2024-02-29T16:51:09Z,28440,2736,3542,70,"Just Chatting, ELDEN RING",https://sullygnome.com/channel/stream/50514936877
43728499211,2024-03-02T03:27:43Z,22680,2056,2764,88,Just Chatting,https://sullygnome.com/channel/stream/43728499211
50551444029,2024-03-04T23:24:40Z,15660,2261,3182,-16,Just Chatting,https://sullygnome.com/channel/stream/50551444029
50557228781,2024-03-05T19:26:13Z,12840,2745,3586,35,"Just Chatting, ELDEN RING",https://sullygnome.com/channel/stream/50557228781
43759806027,2024-03-06T17:50:31Z,13200,4571,6738,47,Just Chatting,https://sullygnome.com/channel/stream/43759806027
43768078619,2024-03-07T21:29:03Z,18960,1555,2125,14,"Just Chatting, ELDEN RING",https://sullygnome.com/channel/stream/43768078619
43776822347,2024-03-09T02:15:21Z,14400,3063,9847,292,"Just Chatting, Grand Theft Auto V",https://sullygnome.com/channel/stream/43776822347
43780644059,2024-03-09T17:14:07Z,25260,7819,11464,183,Just Chatting,https://sullygnome.com/channel/stream/43780644059
50605220045,2024-03-11T13:59:18Z,13560,3539,5014,9,Just Chatting,https://sullygnome.com/channel/stream/50605220045
43805314795,2024-03-12T22:34:35Z,29460,3297,7494,-9,"Just Chatting, ELDEN RING",https://sullygnome.com/channel/stream/43805314795
50625805245,2024-03-14T01:09:13Z,23760,3106,4544,49,"Just Chatting, ELDEN RING",https://sullygnome.com/channel/stream/50625805245
50643315085,2024-03-16T04:15:27Z,15300,2893,6569,48,Just Chatting,https://sullygnome.com/channel/stream/50643315085
43845855467,2024-03-18T18:07:10Z,22080,2102,2715,-21,"Just Chatting, A Difficult Game About Climbing",https://sullygnome.com/channel/stream/43845855467
50668682909,2024-03-19T02:03:05Z,11520,1655,2617,90,Just Chatting,https://sullygnome.com/channel/stream/50668682909
43852879531,2024-03-19T18:39:47Z,12060,1631,2812,-34,"Just Chatting, Final Stand: Ragnarok",https://sullygnome.com/channel/stream/43852879531
50682300877,2024-03-20T22:02:00Z,12480,2966,5482,50,Just Chatting,https://sullygnome.com/channel/stream/50682300877
43876638219,2024-03-23T02:48:35Z,11520,3309,5242,26,Just Chatting,https://sullygnome.com/channel/stream/43876638219
42443712777,2024-03-24T18:42:36Z,18180,2205,3054,-37,"Just Chatting, SWORN",https://sullygnome.com/channel/stream/42443712777
43901410459,2024-03-26T17:28:05Z,44220,1994,2810,-72,"Just Chatting, Dragon's Dogma II, Outcast - A New Beginning",https://sullygnome.com/channel/stream/43901410459
50739697469,2024-03-27T20:28:55Z,28920,3611,7526,22,"Just Chatting, Rumble Club",https://sullygnome.com/channel/stream/50739697469
43915148043,2024-03-28T17:22:07Z,11280,3063,5645,17,"Just Chatting, SOUTH PARK: SNOW DAY! ",https://sullygnome.com/channel/stream/43915148043
43922847739,2024-03-29T17:56:09Z,10140,6434,9719,39,Just Chatting,https://sullygnome.com/channel/stream/43922847739
43943591147,2024-04-01T16:44:25Z,28860,2992,4876,347,"Just Chatting, Content Warning",https://sullygnome.com/channel/stream/43943591147
50795469837,2024-04-03T17:01:42Z,28740,2960,6806,52,"Just Chatting, Arma Reforger",https://sullygnome.com/channel/stream/50795469837
50809957661,2024-04-05T16:48:26Z,31320,6878,10479,362,"Just Chatting, Arma Reforger",https://sullygnome.com/channel/stream/50809957661
50835307581,2024-04-08T20:36:46Z,39240,4639,8256,241,"Just Chatting, Arma Reforger, Hell Let Loose",https://sullygnome.com/channel/stream/50835307581
50844803501,2024-04-10T02:39:02Z,12960,3188,4863,70,"Just Chatting, Hell Let Loose",https://sullygnome.com/channel/stream/50844803501
50855379453,2024-04-11T17:19:03Z,20460,2615,4011,58,"Just Chatting, Hell Let Loose",https://sullygnome.com/channel/stream/50855379453
50871169117,2024-04-13T20:09:23Z,12060,5148,6903,105,Just Chatting,https://sullygnome.com/channel/stream/50871169117
50897493037,2024-04-17T04:01:58Z,16140,3621,5685,0,Just Chatting,https://sullygnome.com/channel/stream/50897493037
44039837611,2024-04-17T17:02:49Z,28680,3738,6789,83,"Just Chatting, Hell Let Loose",https://sullygnome.com/channel/stream/44039837611
50909793245,2024-04-18T21:56:44Z,15540,2982,4090,46,Just Chatting,https://sullygnome.com/channel/stream/50909793245
50916973533,2024-04-19T20:52:39Z,13080,7307,11708,178,Just Chatting,https://sullygnome.com/channel/stream/50916973533
50926421437,2024-04-20T21:30:26Z,10800,964,1364,24,"Just Chatting, AFK Journey",https://sullygnome.com/channel/stream/50926421437
50929286653,2024-04-21T03:57:23Z,14580,3464,4158,66,Just Chatting,https://sullygnome.com/channel/stream/50929286653
50936965501,2024-04-22T00:24:36Z,28260,5917,12801,239,"Just Chatting, Star Citizen",https://sullygnome.com/channel/stream/50936965501
44075024635,2024-04-22T17:25:31Z,14700,5219,8408,76,"Just Chatting, Star Citizen",https://sullygnome.com/channel/stream/44075024635
50949276253,2024-04-23T17:58:06Z,23520,2267,4517,-38,"Just Chatting, Rumble Club",https://sullygnome.com/channel/stream/50949276253
50962479613,2024-04-25T17:12:08Z,10080,2900,3789,22,Just Chatting,https://sullygnome.com/channel/stream/50962479613
50983756221,2024-04-28T14:00:11Z,25200,3022,4198,30,"Just Chatting, Street Fighter 6, Dead Island 2",https://sullygnome.com/channel/stream/50983756221
50992345965,2024-04-29T17:19:52Z,16860,2820,5105,13,"Just Chatting, Street Fighter 6",https://sullygnome.com/channel/stream/50992345965
50994850669,2024-04-29T23:10:30Z,21900,2294,5390,56,"Street Fighter 6, Zenless Zone Zero, Just Chatting, Fallout 4",https://sullygnome.com/channel/stream/50994850669
50998348173,2024-04-30T15:07:21Z,16680,3148,4003,36,"Just Chatting, Fallout 4, PokéRogue",https://sullygnome.com/channel/stream/50998348173
51026173885,2024-05-05T16:28:31Z,28920,3565,4994,61,"Just Chatting, Fallout 4",https://sullygnome.com/channel/stream/51026173885
51033596605,2024-05-06T17:03:17Z,34020,3557,5944,28,"Just Chatting, Fallout 4",https://sullygnome.com/channel/stream/51033596605
51041816077,2024-05-07T21:03:34Z,26820,2072,2418,-6,"Just Chatting, Fallout 4",https://sullygnome.com/channel/stream/51041816077
44162953979,2024-05-08T18:32:23Z,44880,2940,7411,54,"Just Chatting, Fallout 4",https://sullygnome.com/channel/stream/44162953979
51058419533,2024-05-10T05:32:13Z,7980,1650,2335,12,"Just Chatting, Fallout 4",https://sullygnome.com/channel/stream/51058419533
44178804299,2024-05-11T18:43:11Z,18120,3877,5430,-2,"Just Chatting, IRL",https://sullygnome.com/channel/stream/44178804299
44191377611,2024-05-14T02:59:04Z,5460,1717,2493,14,Just Chatting,https://sullygnome.com/channel/stream/44191377611
51094674909,2024-05-15T02:09:55Z,21060,2482,3989,-21,"Just Chatting, Denizen",https://sullygnome.com/channel/stream/51094674909
51099110445,2024-05-15T20:06:47Z,14040,1707,2257,-17,"Just Chatting, Rumble Club, Rainbow Six Siege",https://sullygnome.com/channel/stream/51099110445
51104465405,2024-05-16T16:33:22Z,30420,2211,4569,19,"Just Chatting, Rainbow Six Siege, Manor Lords",https://sullygnome.com/channel/stream/51104465405
51130908413,2024-05-19T23:19:24Z,36660,2549,4832,40,"Just Chatting, Rainbow Six Siege, Stardew Valley, Manor Lords",https://sullygnome.com/channel/stream/51130908413
51135469677,2024-05-20T17:47:27Z,18780,3102,6049,73,"Just Chatting, Manor Lords, Star Citizen",https://sullygnome.com/channel/stream/51135469677
44226079147,2024-05-21T02:10:38Z,15600,2324,2997,226,"Just Chatting, Stardew Valley",https://sullygnome.com/channel/stream/44226079147
51145829517,2024-05-22T01:45:25Z,15300,1575,2297,8,"Just Chatting, Stardew Valley",https://sullygnome.com/channel/stream/51145829517
51149249213,2024-05-22T17:14:20Z,21660,1513,2087,-29,"Just Chatting, Fallout 4, Star Citizen",https://sullygnome.com/channel/stream/51149249213
51156293981,2024-05-23T17:21:14Z,20340,1249,1733,-21,"Just Chatting, Rumble Club, Star Citizen",https://sullygnome.com/channel/stream/51156293981
51182002893,2024-05-26T22:09:50Z,35460,11321,13985,1417,"Just Chatting, Rust",https://sullygnome.com/channel/stream/51182002893
51187522253,2024-05-27T17:16:31Z,31440,13113,23855,1866,Rust,https://sullygnome.com/channel/stream/51187522253
51194039325,2024-05-28T15:16:10Z,46740,10664,27432,1623,Rust,https://sullygnome.com/channel/stream/51194039325
51201514157,2024-05-29T15:39:29Z,34560,10707,23077,1375,Rust,https://sullygnome.com/channel/stream/51201514157
51208996333,2024-05-30T16:22:32Z,50880,7216,23864,1249,Rust,https://sullygnome.com/channel/stream/51208996333
51254846221,2024-06-05T17:12:31Z,48780,2129,3251,-134,"Just Chatting, Soulmask",https://sullygnome.com/channel/stream/51254846221
44311301899,2024-06-07T01:38:04Z,22920,3270,6062,20,"Just Chatting, Soulmask",https://sullygnome.com/channel/stream/44311301899
51270711965,2024-06-07T20:55:14Z,10200,1236,1668,-26,"Special Events, Just Chatting",https://sullygnome.com/channel/stream/51270711965
51276757613,2024-06-08T17:25:42Z,12900,2039,3839,-1,"Just Chatting, The Elder Scrolls Online, Soulmask",https://sullygnome.com/channel/stream/51276757613
51282132557,2024-06-09T05:02:24Z,11580,2160,5239,-4,Just Chatting,https://sullygnome.com/channel/stream/51282132557
51288481629,2024-06-10T00:35:30Z,15900,1722,2294,-20,"Just Chatting, Bodycam, Stardew Valley",https://sullygnome.com/channel/stream/51288481629
42698748121,2024-06-10T21:47:56Z,16980,2496,3763,-30,"Just Chatting, Bodycam",https://sullygnome.com/channel/stream/42698748121
51298247965,2024-06-11T14:54:51Z,17460,2690,3744,-30,"Just Chatting, Bodycam",https://sullygnome.com/channel/stream/51298247965
42573344302,2024-06-12T21:44:02Z,29760,1379,1869,-46,"Just Chatting, Splodey, The Elder Scrolls Online, Ready or Not",https://sullygnome.com/channel/stream/42573344302
44344613035,2024-06-13T21:05:34Z,14100,958,1433,-12,"Just Chatting, Arma Reforger, Noita, Street Fighter 6",https://sullygnome.com/channel/stream/44344613035
44350136427,2024-06-14T15:37:05Z,26580,1583,2742,-48,"Just Chatting, Noita",https://sullygnome.com/channel/stream/44350136427
44362541147,2024-06-15T22:53:26Z,12120,1282,1908,-31,"Just Chatting, V Rising",https://sullygnome.com/channel/stream/44362541147
42723871449,2024-06-16T21:02:32Z,13380,1741,3883,12,"Just Chatting, Dark and Darker, Call of Dragons",https://sullygnome.com/channel/stream/42723871449
44384869243,2024-06-18T17:27:55Z,32580,2667,5798,-39,"Just Chatting, Pax Dei, IRL",https://sullygnome.com/channel/stream/44384869243
44394006139,2024-06-19T18:48:28Z,14220,1533,2573,-31,"Just Chatting, Dark and Darker",https://sullygnome.com/channel/stream/44394006139
51315285933,2024-06-20T19:54:47Z,16560,1240,1628,-30,"Just Chatting, ASKA",https://sullygnome.com/channel/stream/51315285933
42746023497,2024-06-21T21:23:26Z,13920,1266,1862,-32,"Just Chatting, Bodycam, Tarisland",https://sullygnome.com/channel/stream/42746023497
51377413133,2024-06-28T05:58:26Z,9120,1953,2785,-1,Just Chatting,https://sullygnome.com/channel/stream/51377413133
44447841659,2024-06-29T02:43:14Z,19920,2583,3900,-8,Just Chatting,https://sullygnome.com/channel/stream/44447841659
51395997341,2024-06-30T14:23:29Z,22020,2619,3746,19,Just Chatting,https://sullygnome.com/channel/stream/51395997341
44460512283,2024-07-01T19:11:15Z,18240,2607,3861,2,Just Chatting,https://sullygnome.com/channel/stream/44460512283
44468261819,2024-07-03T03:04:03Z,13260,4523,7413,49,Just Chatting,https://sullygnome.com/channel/stream/44468261819
51453497325,2024-07-07T16:02:01Z,29580,2064,3597,-4,"Just Chatting, Eden Crafters",https://sullygnome.com/channel/stream/51453497325
51465498477,2024-07-08T23:45:06Z,29700,2516,5036,-9,"Just Chatting, Bellwright, Satisfactory",https://sullygnome.com/channel/stream/51465498477
51479375693,2024-07-10T18:29:38Z,18960,1243,1636,-44,"Just Chatting, Satisfactory",https://sullygnome.com/channel/stream/51479375693
51485774173,2024-07-11T14:44:38Z,27060,1783,2587,-38,"Just Chatting, Satisfactory, Once Human",https://sullygnome.com/channel/stream/51485774173
44518974411,2024-07-13T01:31:53Z,13440,1953,3071,-4,Just Chatting,https://sullygnome.com/channel/stream/44518974411
51520956525,2024-07-15T19:06:07Z,36540,1915,2889,-56,"Just Chatting, Drug Dealer Simulator 2, Subnautica",https://sullygnome.com/channel/stream/51520956525
44537141115,2024-07-16T18:20:40Z,21300,1795,3011,-56,"Just Chatting, Subnautica",https://sullygnome.com/channel/stream/44537141115
51533882173,2024-07-17T04:17:56Z,7080,2874,5737,38,Just Chatting,https://sullygnome.com/channel/stream/51533882173
42839548377,2024-07-18T03:19:49Z,16860,1810,2589,5,"Just Chatting, Subnautica",https://sullygnome.com/channel/stream/42839548377
51546860365,2024-07-18T20:21:17Z,12240,1969,3297,29,"Just Chatting, Subnautica",https://sullygnome.com/channel/stream/51546860365
51582990909,2024-07-22T22:25:04Z,28200,1861,2583,12,"Just Chatting, Subnautica",https://sullygnome.com/channel/stream/51582990909
51592090461,2024-07-23T23:23:39Z,13020,2502,4318,-14,"Subnautica, Just Chatting",https://sullygnome.com/channel/stream/51592090461
51595063677,2024-07-24T05:49:23Z,7860,1916,3516,11,Just Chatting,https://sullygnome.com/channel/stream/51595063677
51602187581,2024-07-25T02:48:44Z,11520,1380,1846,-13,"Just Chatting, Subnautica",https://sullygnome.com/channel/stream/51602187581
51609650541,2024-07-26T00:09:42Z,16560,4683,8212,72,Just Chatting,https://sullygnome.com/channel/stream/51609650541
51631317069,2024-07-28T17:05:05Z,31200,2527,5199,8,"Just Chatting, VEIN",https://sullygnome.com/channel/stream/51631317069
51640051981,2024-07-29T17:05:20Z,25800,2519,5488,21,"Just Chatting, STRETCHER MEN",https://sullygnome.com/channel/stream/51640051981
51657512269,2024-07-31T18:06:53Z,20340,1867,3788,-21,"Just Chatting, Vintage Story",https://sullygnome.com/channel/stream/51657512269
51664908301,2024-08-01T17:21:28Z,15840,1872,2846,-12,"Just Chatting, 7 Days to Die",https://sullygnome.com/channel/stream/51664908301
42895802249,2024-08-03T01:10:57Z,26400,2222,3359,-8,Just Chatting,https://sullygnome.com/channel/stream/42895802249
51694747629,2024-08-06T02:05:08Z,24900,2314,3025,-4,Just Chatting,https://sullygnome.com/channel/stream/51694747629
51700135437,2024-08-07T00:18:16Z,14220,3344,6586,49,Just Chatting,https://sullygnome.com/channel/stream/51700135437
51725076173,2024-08-10T00:14:54Z,14460,6137,8053,143,Just Chatting,https://sullygnome.com/channel/stream/51725076173
44665897371,2024-08-13T00:47:54Z,20580,1248,1957,43,Just Chatting,https://sullygnome.com/channel/stream/44665897371
51756684589,2024-08-13T19:01:41Z,32340,3026,4275,34,"Just Chatting, Tavern Manager Simulator",https://sullygnome.com/channel/stream/51756684589
51764900813,2024-08-14T19:16:47Z,19740,2218,3430,-48,"Just Chatting, Tavern Manager Simulator",https://sullygnome.com/channel/stream/51764900813
51781201965,2024-08-16T20:12:02Z,15480,1663,2125,-25,"Just Chatting, Tavern Manager Simulator, Crime Scene Cleaner",https://sullygnome.com/channel/stream/51781201965
51807937021,2024-08-19T23:57:57Z,14580,3392,4945,8,Just Chatting,https://sullygnome.com/channel/stream/51807937021
44706111643,2024-08-21T01:29:07Z,9960,3518,5732,36,Just Chatting,https://sullygnome.com/channel/stream/44706111643
51822959629,2024-08-21T21:09:39Z,12060,10193,14784,224,"Unlisted on Twitch, Just Chatting",https://sullygnome.com/channel/stream/51822959629
51830945133,2024-08-22T21:16:20Z,17940,5664,8573,68,Just Chatting,https://sullygnome.com/channel/stream/51830945133
51856711197,2024-08-25T21:18:36Z,16920,8086,12855,168,Just Chatting,https://sullygnome.com/channel/stream/51856711197
51865496365,2024-08-26T22:55:20Z,9300,2903,3677,7,Just Chatting,https://sullygnome.com/channel/stream/51865496365
51873809773,2024-08-27T22:04:58Z,18660,3838,9193,105,"Just Chatting, Age of Mythology",https://sullygnome.com/channel/stream/51873809773
51892644605,2024-08-30T00:13:22Z,20820,3937,8213,69,"Just Chatting, Age of Mythology",https://sullygnome.com/channel/stream/51892644605
51901017069,2024-08-31T02:11:08Z,20040,2827,3776,89,"Just Chatting, Age of Mythology",https://sullygnome.com/channel/stream/51901017069
51909620557,2024-09-01T02:45:46Z,14400,4036,9646,46,"Just Chatting, Age of Mythology",https://sullygnome.com/channel/stream/51909620557
51918513629,2024-09-02T04:00:35Z,7200,1812,2604,17,"Just Chatting, Voices of the Void",https://sullygnome.com/channel/stream/51918513629
44776009579,2024-09-04T02:51:56Z,14040,2333,4803,33,"Just Chatting, Voices of the Void",https://sullygnome.com/channel/stream/44776009579
51954091277,2024-09-07T00:53:13Z,22020,1363,2078,2,"Just Chatting, Deadlock",https://sullygnome.com/channel/stream/51954091277
51963494141,2024-09-08T01:11:12Z,19140,3074,4848,44,"Just Chatting, Voices of the Void",https://sullygnome.com/channel/stream/51963494141
43015621065,2024-09-09T22:11:54Z,6540,2629,4378,6,Just Chatting,https://sullygnome.com/channel/stream/43015621065
42621466046,2024-09-11T01:00:16Z,14400,18748,25132,693,Just Chatting,https://sullygnome.com/channel/stream/42621466046
44805696235,2024-09-12T20:32:51Z,17880,8237,11765,91,"Just Chatting, IRL",https://sullygnome.com/channel/stream/44805696235
51982318013,2024-09-14T00:43:09Z,14520,2118,2751,0,"Just Chatting, GeoGuessr",https://sullygnome.com/channel/stream/51982318013
51986583533,2024-09-14T15:45:38Z,8100,1601,2854,10,Just Chatting,https://sullygnome.com/channel/stream/51986583533
42631524206,2024-09-17T01:46:25Z,19740,4205,8328,92,"Just Chatting, TCG Card Shop Simulator",https://sullygnome.com/channel/stream/42631524206
52016157309,2024-09-18T04:02:50Z,17880,5996,10677,116,"Just Chatting, TCG Card Shop Simulator",https://sullygnome.com/channel/stream/52016157309
52062812093,2024-09-25T21:39:24Z,43560,3118,5231,296,"Just Chatting, TCG Card Shop Simulator",https://sullygnome.com/channel/stream/52062812093
52066875181,2024-09-26T16:38:20Z,21120,4665,7191,54,"Just Chatting, TCG Card Shop Simulator",https://sullygnome.com/channel/stream/52066875181
52073909677,2024-09-27T19:13:58Z,17220,2315,3801,30,"Just Chatting, TCG Card Shop Simulator",https://sullygnome.com/channel/stream/52073909677
42655493982,2024-09-29T01:45:38Z,11700,1608,2122,-7,Just Chatting,https://sullygnome.com/channel/stream/42655493982
52102428941,2024-10-02T01:31:03Z,30540,3264,5998,101,"Just Chatting, TCG Card Shop Simulator",https://sullygnome.com/channel/stream/52102428941
52108509917,2024-10-03T00:23:32Z,19320,1869,3333,32,"Just Chatting, TCG Card Shop Simulator, KILL KNIGHT",https://sullygnome.com/channel/stream/52108509917
52111656349,2024-10-03T16:01:34Z,12540,5292,9502,72,"TCG Card Shop Simulator, Just Chatting",https://sullygnome.com/channel/stream/52111656349
52143884429,2024-10-08T00:48:13Z,19620,2839,7371,180,"Just Chatting, TCG Card Shop Simulator, Voices of the Void",https://sullygnome.com/channel/stream/52143884429
52150019917,2024-10-08T23:41:33Z,18240,3059,5699,35,Just Chatting,https://sullygnome.com/channel/stream/52150019917
52155636557,2024-10-09T20:55:35Z,11100,2313,3041,64,Just Chatting,https://sullygnome.com/channel/stream/52155636557
52163822189,2024-10-11T01:06:30Z,17640,2984,7362,42,"Just Chatting, Voices of the Void",https://sullygnome.com/channel/stream/52163822189
52178251149,2024-10-13T00:29:00Z,14460,8958,12252,207,Just Chatting,https://sullygnome.com/channel/stream/52178251149
52187842237,2024-10-14T01:22:38Z,17580,1795,2420,17,"Just Chatting, TCG Card Shop Simulator",https://sullygnome.com/channel/stream/52187842237
52196109421,2024-10-15T00:27:31Z,19080,2536,5214,-4,"Just Chatting, Old School RuneScape",https://sullygnome.com/channel/stream/52196109421
52205118781,2024-10-16T03:12:04Z,11880,1564,2939,6,Just Chatting,https://sullygnome.com/channel/stream/52205118781
44927920203,2024-10-17T01:36:27Z,18540,2379,3750,-1,"Just Chatting, Old School RuneScape",https://sullygnome.com/channel/stream/44927920203
52216554909,2024-10-17T22:44:59Z,8160,2076,2744,5,Just Chatting,https://sullygnome.com/channel/stream/52216554909
52244081613,2024-10-21T18:25:57Z,25500,1170,1712,-36,"Just Chatting, Backyard Baseball 2001, The Long Drive, TCG Card Shop Simulator, Old School RuneScape",https://sullygnome.com/channel/stream/52244081613
52251615277,2024-10-22T20:59:24Z,35160,1773,4134,-6,"Just Chatting, Claws &amp; Chaos, Old School RuneScape",https://sullygnome.com/channel/stream/52251615277
52267031197,2024-10-25T01:00:50Z,19800,2020,3274,11,"Just Chatting, Liar's Bar, Norland, Noita",https://sullygnome.com/channel/stream/52267031197
52282068221,2024-10-26T21:55:29Z,12000,7577,11890,269,IRL,https://sullygnome.com/channel/stream/52282068221
44969909403,2024-10-29T01:18:57Z,15120,1750,2280,53,Just Chatting,https://sullygnome.com/channel/stream/44969909403
52311569293,2024-10-30T21:52:58Z,16680,5242,7853,80,Just Chatting,https://sullygnome.com/channel/stream/52311569293
44978040043,2024-10-31T17:10:34Z,18300,6303,9791,207,Just Chatting,https://sullygnome.com/channel/stream/44978040043
52324504333,2024-11-01T18:50:41Z,11400,5088,10710,38,Just Chatting,https://sullygnome.com/channel/stream/52324504333
44983036763,2024-11-02T00:03:50Z,12420,6553,9657,143,Just Chatting,https://sullygnome.com/channel/stream/44983036763
44989524411,2024-11-03T19:52:16Z,13080,4343,5941,-59,Just Chatting,https://sullygnome.com/channel/stream/44989524411
44997048283,2024-11-05T20:34:28Z,6960,1124,2227,-4,"Just Chatting, IRL",https://sullygnome.com/channel/stream/44997048283
45004326939,2024-11-08T03:24:00Z,14760,1550,2033,36,Just Chatting,https://sullygnome.com/channel/stream/45004326939
45007278059,2024-11-09T01:06:32Z,26640,5107,11312,1710,"Just Chatting, Rust",https://sullygnome.com/channel/stream/45007278059
45010120523,2024-11-09T20:04:04Z,15060,10853,15632,1728,"Just Chatting, Rust",https://sullygnome.com/channel/stream/45010120523
45013569867,2024-11-10T19:56:14Z,43440,9580,17510,1634,"Just Chatting, Rust",https://sullygnome.com/channel/stream/45013569867
45017563979,2024-11-12T00:53:41Z,25620,5575,12088,841,"Just Chatting, Rust",https://sullygnome.com/channel/stream/45017563979
45019924747,2024-11-12T18:57:13Z,21780,7497,11604,648,"Just Chatting, Rust",https://sullygnome.com/channel/stream/45019924747
45022965451,2024-11-13T16:30:42Z,40500,9367,17898,1764,"Just Chatting, Rust",https://sullygnome.com/channel/stream/45022965451
45027750219,2024-11-15T02:20:27Z,21300,2860,4417,355,"Just Chatting, Rust",https://sullygnome.com/channel/stream/45027750219
45037310843,2024-11-18T03:43:36Z,15420,3050,6194,36,Just Chatting,https://sullygnome.com/channel/stream/45037310843
45041431995,2024-11-19T16:40:19Z,19200,2269,2872,-125,Just Chatting,https://sullygnome.com/channel/stream/45041431995
45044352475,2024-11-20T15:38:45Z,11220,2661,6662,117,Just Chatting,https://sullygnome.com/channel/stream/45044352475
45048400923,2024-11-21T15:54:21Z,16560,1457,3002,47,"Just Chatting, Conqueror's Blade",https://sullygnome.com/channel/stream/45048400923
45049844123,2024-11-21T21:58:41Z,34320,991,1549,-39,"Just Chatting, World of Warcraft",https://sullygnome.com/channel/stream/45049844123
45053891179,2024-11-22T18:37:16Z,22080,1117,1532,-54,"Just Chatting, World of Warcraft",https://sullygnome.com/channel/stream/45053891179
45067859227,2024-11-25T05:00:07Z,4500,1226,1920,-2,Just Chatting,https://sullygnome.com/channel/stream/45067859227
45069595483,2024-11-25T18:55:47Z,48000,1869,3259,-38,"Just Chatting, World of Warcraft",https://sullygnome.com/channel/stream/45069595483
45075519147,2024-11-26T21:26:10Z,35340,1696,3866,-30,"Just Chatting, World of Warcraft",https://sullygnome.com/channel/stream/45075519147
45079175195,2024-11-27T16:24:09Z,31860,2072,3462,-66,"Just Chatting, King Arthur: Legends Rise, World of Warcraft",https://sullygnome.com/channel/stream/45079175195
45084363355,2024-11-28T16:17:07Z,14280,2098,2747,19,"Just Chatting, Corepunk, World of Warcraft",https://sullygnome.com/channel/stream/45084363355
45107426395,2024-12-02T23:42:27Z,28980,2163,3783,27,"Just Chatting, World of Warcraft",https://sullygnome.com/channel/stream/45107426395
45111173275,2024-12-03T19:16:41Z,38640,1681,2298,-13,"Just Chatting, World of Warcraft",https://sullygnome.com/channel/stream/45111173275
45116711931,2024-12-04T20:38:33Z,15720,1509,2482,-28,"Just Chatting, Conquest Dark",https://sullygnome.com/channel/stream/45116711931
45124361019,2024-12-06T03:43:33Z,10020,2029,2855,0,"Just Chatting, IRL",https://sullygnome.com/channel/stream/45124361019
45149581419,2024-12-10T17:41:03Z,25440,2099,3261,-37,"Just Chatting, World of Warcraft",https://sullygnome.com/channel/stream/45149581419
45156184699,2024-12-11T20:31:49Z,15240,705,972,-39,"Just Chatting, Path of Exile 2",https://sullygnome.com/channel/stream/45156184699
45161999115,2024-12-12T23:05:47Z,17700,1491,3649,105,Just Chatting,https://sullygnome.com/channel/stream/45161999115
45178664155,2024-12-15T21:01:29Z,30540,1784,2537,37,"Just Chatting, MiSide",https://sullygnome.com/channel/stream/45178664155
45184822587,2024-12-17T01:43:24Z,25320,16740,25687,1626,Just Chatting,https://sullygnome.com/channel/stream/45184822587
45189686555,2024-12-18T00:38:23Z,21120,1870,2856,35,"Just Chatting, Squid Game: Unleashed",https://sullygnome.com/channel/stream/45189686555
45193115675,2024-12-18T17:22:59Z,8580,2453,3551,49,Just Chatting,https://sullygnome.com/channel/stream/45193115675
45199899035,2024-12-19T20:37:02Z,20280,2108,4188,136,"Just Chatting, Baldur's Gate 3",https://sullygnome.com/channel/stream/45199899035
45205065323,2024-12-20T19:34:40Z,25860,2160,2879,41,"Just Chatting, Baldur's Gate 3",https://sullygnome.com/channel/stream/45205065323
45212210635,2024-12-21T22:47:09Z,16080,3184,8435,69,"Just Chatting, Baldur's Gate 3",https://sullygnome.com/channel/stream/45212210635
45216054491,2024-12-22T18:40:25Z,22800,2115,2678,53,"Just Chatting, Baldur's Gate 3",https://sullygnome.com/channel/stream/45216054491
45241759723,2024-12-28T01:06:09Z,23040,2255,2925,-14,"Just Chatting, Baldur's Gate 3",https://sullygnome.com/channel/stream/45241759723
45253818715,2024-12-30T00:36:48Z,25740,3398,6385,87,Just Chatting,https://sullygnome.com/channel/stream/45253818715
45257941787,2024-12-30T19:42:55Z,14580,2234,3859,-40,"Just Chatting, Baldur's Gate 3",https://sullygnome.com/channel/stream/45257941787
45263779963,2024-12-31T21:06:39Z,15840,3035,4796,58,Just Chatting,https://sullygnome.com/channel/stream/45263779963
45272761339,2025-01-02T18:25:17Z,20100,2188,2891,-31,"Just Chatting, Baldur's Gate 3",https://sullygnome.com/channel/stream/45272761339
45280722139,2025-01-03T21:41:10Z,36240,2470,5309,-46,"Just Chatting, Fast Food: Restaurant Simulator, Storage Hunter Simulator",https://sullygnome.com/channel/stream/45280722139
52873198317,2025-01-05T01:44:54Z,14460,2626,4116,-2,Just Chatting,https://sullygnome.com/channel/stream/52873198317
45362222283,2025-01-08T20:19:34Z,11460,2513,3385,-27,"Just Chatting, IRL",https://sullygnome.com/channel/stream/45362222283
45473107403,2025-01-10T23:38:15Z,10320,2499,3357,3,IRL,https://sullygnome.com/channel/stream/45473107403
45615250251,2025-01-13T18:21:01Z,23040,2215,2799,-78,"Just Chatting, Storage Hunter Simulator",https://sullygnome.com/channel/stream/45615250251
314132513020,2025-01-14T03:50:05Z,13200,1591,2544,-11,Just Chatting,https://sullygnome.com/channel/stream/314132513020
314151181180,2025-01-14T18:41:43Z,25440,2316,3271,-27,"Just Chatting, Baldur's Gate 3, Project Zomboid",https://sullygnome.com/channel/stream/314151181180
314197169660,2025-01-15T18:30:53Z,15300,3585,9518,120,"Just Chatting, Storage Hunter Simulator",https://sullygnome.com/channel/stream/314197169660
314273043580,2025-01-16T22:43:10Z,9120,1790,2272,-10,Just Chatting,https://sullygnome.com/channel/stream/314273043580
314308780412,2025-01-17T18:32:01Z,25080,2156,3281,15,"Just Chatting, Arma Reforger",https://sullygnome.com/channel/stream/314308780412
314486423292,2025-01-20T00:39:02Z,12060,1639,2373,12,"Just Chatting, Baldur's Gate 3",https://sullygnome.com/channel/stream/314486423292
314639292413,2025-01-20T20:16:35Z,31440,2326,3276,6,"Just Chatting, TrickShot Simulator, Project Zomboid",https://sullygnome.com/channel/stream/314639292413
314607031804,2025-01-21T19:08:40Z,7620,2395,3942,10,Just Chatting,https://sullygnome.com/channel/stream/314607031804
314758965757,2025-01-22T03:31:52Z,13440,2883,4801,13,"Just Chatting, Project Zomboid",https://sullygnome.com/channel/stream/314758965757
314672380028,2025-01-22T18:35:37Z,20400,2761,3838,-33,"Just Chatting, Project Zomboid, Baldur's Gate 3",https://sullygnome.com/channel/stream/314672380028
314757842556,2025-01-24T00:07:14Z,23880,3748,6553,279,Just Chatting,https://sullygnome.com/channel/stream/314757842556
314813601916,2025-01-24T20:59:06Z,9060,1512,2166,-4,Just Chatting,https://sullygnome.com/channel/stream/314813601916
314981898748,2025-01-27T02:10:21Z,15600,3032,4734,-13,Just Chatting,https://sullygnome.com/channel/stream/314981898748
315028114428,2025-01-27T22:10:01Z,27300,2896,3629,-40,"Just Chatting, Streamer Life Simulator 2",https://sullygnome.com/channel/stream/315028114428
315078733436,2025-01-28T18:55:39Z,14700,3316,3790,-38,"Just Chatting, Streamer Life Simulator 2",https://sullygnome.com/channel/stream/315078733436
315142069628,2025-01-29T19:05:33Z,15900,2865,3878,29,"Just Chatting, No Man's Sky",https://sullygnome.com/channel/stream/315142069628
315214647804,2025-01-30T22:22:46Z,29280,2967,5032,-26,Just Chatting,https://sullygnome.com/channel/stream/315214647804
315274538492,2025-01-31T21:03:28Z,16020,2917,4473,-18,"Just Chatting, Monopoly Go!, No Man's Sky",https://sullygnome.com/channel/stream/315274538492
315722724733,2025-02-02T15:35:04Z,11400,5063,7912,60,Just Chatting,https://sullygnome.com/channel/stream/315722724733
315486765180,2025-02-03T22:07:00Z,30180,2826,4035,-14,"Just Chatting, No Man's Sky",https://sullygnome.com/channel/stream/315486765180
315536860668,2025-02-04T18:20:37Z,14100,2186,4375,-19,"Just Chatting, Kingdom Come: Deliverance II",https://sullygnome.com/channel/stream/315536860668
315601262588,2025-02-05T18:50:26Z,26700,2496,3465,-11,"Just Chatting, No Man's Sky",https://sullygnome.com/channel/stream/315601262588
315674007804,2025-02-06T22:41:59Z,16440,5987,8824,76,Just Chatting,https://sullygnome.com/channel/stream/315674007804
315909502844,2025-02-10T19:25:21Z,21000,3418,4581,-1,Just Chatting,https://sullygnome.com/channel/stream/315909502844
316515084413,2025-02-12T05:35:46Z,6000,3472,5901,22,Just Chatting,https://sullygnome.com/channel/stream/316515084413
316025492476,2025-02-12T18:55:40Z,40800,2613,3532,-37,"Just Chatting, A Game About Digging A Hole, Kingdom Come: Deliverance II",https://sullygnome.com/channel/stream/316025492476
316095889916,2025-02-13T22:25:36Z,33600,2976,5274,63,"Just Chatting, Kingdom Come: Deliverance II",https://sullygnome.com/channel/stream/316095889916
316305465980,2025-02-17T03:04:10Z,22260,2744,6133,-18,"Just Chatting, No Man's Sky",https://sullygnome.com/channel/stream/316305465980
316983350397,2025-02-17T21:05:32Z,35700,3193,5697,-7,"Just Chatting, Kingdom Come: Deliverance II",https://sullygnome.com/channel/stream/316983350397
316396906108,2025-02-18T18:47:23Z,6180,1988,2943,-22,Just Chatting,https://sullygnome.com/channel/stream/316396906108
316457862396,2025-02-19T19:29:19Z,25260,2347,4407,-24,"Just Chatting, Cabin Crew Life Simulator, Kingdom Come: Deliverance II",https://sullygnome.com/channel/stream/316457862396
316524131708,2025-02-20T23:05:34Z,28500,2037,3213,-44,Just Chatting,https://sullygnome.com/channel/stream/316524131708
316564371708,2025-02-21T18:26:42Z,18240,2196,3287,-13,"Just Chatting, The Isle",https://sullygnome.com/channel/stream/316564371708
316721046396,2025-02-24T01:59:31Z,13560,1889,2497,-38,"Just Chatting, The Isle, Sea of Thieves",https://sullygnome.com/channel/stream/316721046396
316774185980,2025-02-25T02:53:37Z,17520,1622,2368,-26,Just Chatting,https://sullygnome.com/channel/stream/316774185980
316799450364,2025-02-25T19:00:13Z,15300,2108,3164,-56,"Just Chatting, The Isle, Conquest Dark",https://sullygnome.com/channel/stream/316799450364
316854340988,2025-02-26T19:27:28Z,15480,1984,2790,-57,Just Chatting,https://sullygnome.com/channel/stream/316854340988
316950184956,2025-02-27T22:32:14Z,30480,2450,3446,-46,Just Chatting,https://sullygnome.com/channel/stream/316950184956
317000095100,2025-02-28T19:07:44Z,12180,1960,2637,-40,"Just Chatting, FACEMINER, Arctic Eggs",https://sullygnome.com/channel/stream/317000095100
317198262396,2025-03-03T22:12:58Z,37080,3598,4885,-51,Just Chatting,https://sullygnome.com/channel/stream/317198262396
317245863036,2025-03-04T19:33:00Z,23220,2822,4010,-57,"Just Chatting, STRAFTAT",https://sullygnome.com/channel/stream/317245863036
317295370876,2025-03-05T18:10:25Z,42600,3550,7671,-57,Just Chatting,https://sullygnome.com/channel/stream/317295370876
317366473980,2025-03-06T23:44:28Z,27960,3612,5232,33,Just Chatting,https://sullygnome.com/channel/stream/317366473980
317399612668,2025-03-07T17:06:48Z,12240,3154,4907,-1,Just Chatting,https://sullygnome.com/channel/stream/317399612668
318624074109,2025-03-10T21:32:51Z,29580,3424,5973,-19,Just Chatting,https://sullygnome.com/channel/stream/318624074109
317636746364,2025-03-11T17:03:23Z,20520,3017,4480,-42,Just Chatting,https://sullygnome.com/channel/stream/317636746364
317694179708,2025-03-12T17:41:59Z,22740,3013,3777,-44,Just Chatting,https://sullygnome.com/channel/stream/317694179708
317771832188,2025-03-14T00:12:05Z,23580,3555,9913,-39,Just Chatting,https://sullygnome.com/channel/stream/317771832188
317935037564,2025-03-16T18:48:00Z,16920,4595,5695,7,Just Chatting,https://sullygnome.com/channel/stream/317935037564
317998234748,2025-03-17T21:35:44Z,33000,3030,8375,-24,"Just Chatting, Schedule I",https://sullygnome.com/channel/stream/317998234748
318056406908,2025-03-18T23:02:52Z,16980,2598,3727,-34,Just Chatting,https://sullygnome.com/channel/stream/318056406908
318108143612,2025-03-19T21:47:01Z,27780,2118,2814,-37,"Just Chatting, Schedule I, Balatro",https://sullygnome.com/channel/stream/318108143612
318344902780,2025-03-23T19:20:22Z,13200,4282,5763,41,Just Chatting,https://sullygnome.com/channel/stream/318344902780
318367229436,2025-03-24T01:51:21Z,5940,1827,2323,-17,"Just Chatting, GUILTY GEAR -STRIVE-",https://sullygnome.com/channel/stream/318367229436
319698179965,2025-03-24T21:39:33Z,27360,5717,8603,62,"Just Chatting, League of Legends",https://sullygnome.com/channel/stream/319698179965
318451941756,2025-03-25T19:14:20Z,19860,3131,3880,388,"Just Chatting, Schedule I",https://sullygnome.com/channel/stream/318451941756
319841513469,2025-03-26T20:15:53Z,29700,3098,6325,-3,"Just Chatting, Schedule I",https://sullygnome.com/channel/stream/319841513469
318561102972,2025-03-27T18:44:52Z,16260,3685,5107,-33,"Schedule I, Just Chatting, Toontown Online",https://sullygnome.com/channel/stream/318561102972
318616891900,2025-03-28T18:52:37Z,13080,2723,3533,-27,"Just Chatting, Atomfall",https://sullygnome.com/channel/stream/318616891900
318800175612,2025-03-31T18:45:49Z,26100,3772,7065,14,"Schedule I, inZOI, Shawarma Legend, Just Chatting",https://sullygnome.com/channel/stream/318800175612
318859975164,2025-04-01T20:49:19Z,17760,2078,3495,-18,"Goat Simulator 3, Just Chatting, Schedule I",https://sullygnome.com/channel/stream/318859975164
318907528444,2025-04-02T19:01:56Z,40440,2441,3575,-45,"Just Chatting, Shawarma Legend",https://sullygnome.com/channel/stream/318907528444
318978483836,2025-04-03T23:52:52Z,15780,3662,4964,7,Just Chatting,https://sullygnome.com/channel/stream/318978483836
319325658748,2025-04-10T05:04:55Z,18660,3950,5417,57,Just Chatting,https://sullygnome.com/channel/stream/319325658748
321147697149,2025-04-12T13:29:39Z,11760,4037,5153,-10,Just Chatting,https://sullygnome.com/channel/stream/321147697149
319541661564,2025-04-14T02:34:47Z,18660,4551,8418,76,Just Chatting,https://sullygnome.com/channel/stream/319541661564
319694279676,2025-04-17T04:16:04Z,22440,3884,5362,103,Just Chatting,https://sullygnome.com/channel/stream/319694279676
319744691964,2025-04-18T03:46:28Z,35040,1850,2487,7,Just Chatting,https://sullygnome.com/channel/stream/319744691964
319808223868,2025-04-19T11:31:32Z,17940,3110,5042,19,Just Chatting,https://sullygnome.com/channel/stream/319808223868
319837141244,2025-04-19T22:14:33Z,7260,1809,2210,-30,"Just Chatting, Lost Skies",https://sullygnome.com/channel/stream/319837141244
319986910332,2025-04-23T02:08:15Z,21120,2506,3412,6,"Just Chatting, The Elder Scrolls IV: Oblivion Remastered",https://sullygnome.com/channel/stream/319986910332
320038281212,2025-04-24T01:37:46Z,17580,2386,3282,-33,"Just Chatting, The Elder Scrolls IV: Oblivion Remastered",https://sullygnome.com/channel/stream/320038281212
320092365820,2025-04-25T02:07:28Z,31080,2813,3923,38,"Just Chatting, The Elder Scrolls IV: Oblivion Remastered",https://sullygnome.com/channel/stream/320092365820
320132196732,2025-04-25T21:51:36Z,19440,2574,3841,-7,"Just Chatting, The Elder Scrolls IV: Oblivion Remastered",https://sullygnome.com/channel/stream/320132196732
320265340668,2025-04-28T03:56:57Z,9240,3215,4052,5,Just Chatting,https://sullygnome.com/channel/stream/320265340668
320290664060,2025-04-28T22:09:48Z,38160,2995,4153,20,"Just Chatting, The Elder Scrolls IV: Oblivion Remastered",https://sullygnome.com/channel/stream/320290664060
320348108668,2025-04-30T01:07:48Z,18480,3100,4191,-1,"Just Chatting, Muck",https://sullygnome.com/channel/stream/320348108668
320396089212,2025-05-01T00:57:21Z,19980,2568,3439,-36,"Just Chatting, ROBLOX, Drive Beyond Horizons",https://sullygnome.com/channel/stream/320396089212
320438040956,2025-05-01T23:42:58Z,7380,2486,3568,-10,Just Chatting,https://sullygnome.com/channel/stream/320438040956
320491404156,2025-05-03T00:20:47Z,16800,5524,7047,93,Just Chatting,https://sullygnome.com/channel/stream/320491404156
320639225212,2025-05-05T21:32:08Z,22380,3466,4962,-31,Just Chatting,https://sullygnome.com/channel/stream/320639225212
320728243708,2025-05-07T19:21:40Z,15840,3183,4354,-35,"Just Chatting, Conquest Dark",https://sullygnome.com/channel/stream/320728243708
320786170492,2025-05-08T23:24:30Z,14760,4243,5358,31,Just Chatting,https://sullygnome.com/channel/stream/320786170492
320834783740,2025-05-09T23:16:04Z,10740,4167,5210,0,Just Chatting,https://sullygnome.com/channel/stream/320834783740
320900673276,2025-05-11T01:55:57Z,11100,4614,5775,29,Just Chatting,https://sullygnome.com/channel/stream/320900673276
320949519996,2025-05-12T03:19:55Z,6960,2685,3609,22,Just Chatting,https://sullygnome.com/channel/stream/320949519996
321015413628,2025-05-13T18:43:39Z,21720,2965,3501,-49,Just Chatting,https://sullygnome.com/channel/stream/321015413628
321044009980,2025-05-14T04:53:46Z,14820,2518,3524,-4,Just Chatting,https://sullygnome.com/channel/stream/321044009980
321087064700,2025-05-15T03:06:09Z,9540,3483,4744,-2,Just Chatting,https://sullygnome.com/channel/stream/321087064700
321113130364,2025-05-15T20:37:02Z,33780,3828,5811,-46,Just Chatting,https://sullygnome.com/channel/stream/321113130364
321167488380,2025-05-16T23:13:18Z,19020,5286,6726,66,Just Chatting,https://sullygnome.com/channel/stream/321167488380
324113881213,2025-05-18T23:18:58Z,17820,4198,6307,0,Just Chatting,https://sullygnome.com/channel/stream/324113881213
321307558652,2025-05-19T18:21:01Z,22140,4312,5883,-15,Just Chatting,https://sullygnome.com/channel/stream/321307558652
321364652668,2025-05-20T23:50:18Z,21300,3064,4505,-34,Just Chatting,https://sullygnome.com/channel/stream/321364652668
321386561660,2025-05-21T16:29:02Z,15360,5495,7734,87,Just Chatting,https://sullygnome.com/channel/stream/321386561660
321431709180,2025-05-22T17:39:30Z,23760,3287,4490,-11,Just Chatting,https://sullygnome.com/channel/stream/321431709180
321639967356,2025-05-26T22:01:42Z,23340,3584,4972,-21,Just Chatting,https://sullygnome.com/channel/stream/321639967356
321681634940,2025-05-27T20:24:54Z,18360,3040,3749,28,Just Chatting,https://sullygnome.com/channel/stream/321681634940
321740683516,2025-05-28T23:42:54Z,180,1115,1930,-3,Just Chatting,https://sullygnome.com/channel/stream/321740683516
321764171132,2025-05-29T13:57:35Z,19980,3763,6530,-13,"Just Chatting, Crystal of Atlan, Star Wars Battlefront II",https://sullygnome.com/channel/stream/321764171132
325072381181,2025-05-30T22:30:25Z,22500,5453,12723,50,Just Chatting,https://sullygnome.com/channel/stream/325072381181
321965461628,2025-06-02T02:10:24Z,14700,3988,4849,1,Just Chatting,https://sullygnome.com/channel/stream/321965461628
322010135292,2025-06-03T02:14:30Z,14460,3385,4202,-14,"Just Chatting, Lords Mobile",https://sullygnome.com/channel/stream/322010135292
322110635516,2025-06-05T01:30:51Z,16200,3569,4546,-21,Just Chatting,https://sullygnome.com/channel/stream/322110635516
322167448188,2025-06-06T02:13:13Z,11820,3632,4723,-6,Just Chatting,https://sullygnome.com/channel/stream/322167448188
322213139196,2025-06-06T23:37:47Z,19380,5262,9331,45,Just Chatting,https://sullygnome.com/channel/stream/322213139196
322458611836,2025-06-11T00:20:57Z,20400,5160,11828,20,Just Chatting,https://sullygnome.com/channel/stream/322458611836
322502655356,2025-06-11T21:28:22Z,14520,3829,5193,-8,Just Chatting,https://sullygnome.com/channel/stream/322502655356
322576466044,2025-06-13T03:34:33Z,9660,3295,4093,-19,Just Chatting,https://sullygnome.com/channel/stream/322576466044
322801949308,2025-06-16T23:23:49Z,23820,4076,5847,19,Just Chatting,https://sullygnome.com/channel/stream/322801949308
322897359868,2025-06-18T18:50:06Z,37500,3937,5485,-7,Just Chatting,https://sullygnome.com/channel/stream/322897359868
322964900604,2025-06-19T21:54:17Z,24660,3668,5280,-36,"Just Chatting, BeamNG.drive",https://sullygnome.com/channel/stream/322964900604
323284969596,2025-06-25T03:36:48Z,9540,3142,3879,-10,"Just Chatting, Games + Demos, Date Everything!",https://sullygnome.com/channel/stream/323284969596
323332426108,2025-06-26T01:30:22Z,15300,3625,4465,-46,Just Chatting,https://sullygnome.com/channel/stream/323332426108
327355261053,2025-06-26T20:31:02Z,30540,4428,5764,59,Just Chatting,https://sullygnome.com/channel/stream/327355261053
323433225084,2025-06-27T22:42:01Z,17280,5281,6627,77,Just Chatting,https://sullygnome.com/channel/stream/323433225084
323552287612,2025-06-29T22:12:07Z,26280,4467,5933,-25,Just Chatting,https://sullygnome.com/channel/stream/323552287612
323640809852,2025-07-01T18:25:45Z,20100,4353,5652,-22,Just Chatting,https://sullygnome.com/channel/stream/323640809852
323690559484,2025-07-02T17:54:26Z,22860,4098,5924,-13,Just Chatting,https://sullygnome.com/channel/stream/323690559484
328139712765,2025-07-05T20:14:46Z,17160,3825,4495,73,Just Chatting,https://sullygnome.com/channel/stream/328139712765
323949929596,2025-07-07T18:47:14Z,12480,3609,4578,-33,"Just Chatting, Mecha BREAK",https://sullygnome.com/channel/stream/323949929596
324031181564,2025-07-09T02:44:23Z,22560,4030,5116,16,"Mecha BREAK, Just Chatting",https://sullygnome.com/channel/stream/324031181564
328601605501,2025-07-11T02:16:56Z,14340,4906,6890,47,Just Chatting,https://sullygnome.com/channel/stream/328601605501
324191358460,2025-07-12T01:53:09Z,14820,4449,6303,36,Just Chatting,https://sullygnome.com/channel/stream/324191358460
324307036412,2025-07-14T00:58:31Z,24420,4700,6232,36,Just Chatting,https://sullygnome.com/channel/stream/324307036412
329064190077,2025-07-16T02:43:26Z,12720,6300,8602,17,"Just Chatting, Umamusume: Pretty Derby",https://sullygnome.com/channel/stream/329064190077
329106752125,2025-07-16T16:14:59Z,16260,6036,7133,30,Just Chatting,https://sullygnome.com/channel/stream/329106752125
323329449977,2025-07-17T20:50:54Z,21300,3739,4758,-33,Just Chatting,https://sullygnome.com/channel/stream/323329449977
324613852028,2025-07-19T18:32:29Z,-120,25,25,0,Just Chatting,https://sullygnome.com/channel/stream/324613852028
330042766717,2025-07-27T02:46:23Z,23340,6132,7527,194,Just Chatting,https://sullygnome.com/channel/stream/330042766717
325040675196,2025-07-28T03:02:36Z,5280,3421,4620,0,Just Chatting,https://sullygnome.com/channel/stream/325040675196
330383017597,2025-07-31T00:40:20Z,16500,4739,5546,-36,"Just Chatting, Saloon Simulator",https://sullygnome.com/channel/stream/330383017597
330448024957,2025-07-31T20:21:23Z,9540,3142,4323,-16,Just Chatting,https://sullygnome.com/channel/stream/330448024957
330533905149,2025-08-01T21:35:46Z,21300,3075,4218,-46,Just Chatting,https://sullygnome.com/channel/stream/330533905149
325289070332,2025-08-02T22:40:46Z,21900,4506,5491,33,Just Chatting,https://sullygnome.com/channel/stream/325289070332
325372367740,2025-08-05T00:36:19Z,20340,3326,4074,-2,Just Chatting,https://sullygnome.com/channel/stream/325372367740
330860835197,2025-08-05T22:20:55Z,28500,3639,4738,-48,Just Chatting,https://sullygnome.com/channel/stream/330860835197
330948145661,2025-08-06T23:52:27Z,22080,3252,4332,-25,Just Chatting,https://sullygnome.com/channel/stream/330948145661
325509023484,2025-08-08T02:23:01Z,18420,3938,5488,-20,Just Chatting,https://sullygnome.com/channel/stream/325509023484
331274331389,2025-08-10T20:39:57Z,25560,4320,6089,-31,Just Chatting,https://sullygnome.com/channel/stream/331274331389
331361991293,2025-08-11T22:43:01Z,31620,3107,4427,-39,"Just Chatting, GUG, PEAK",https://sullygnome.com/channel/stream/331361991293
331433365885,2025-08-12T22:02:13Z,27780,3250,4047,-48,"Just Chatting, Abiotic Factor",https://sullygnome.com/channel/stream/331433365885
331503820285,2025-08-13T21:30:15Z,12600,3437,4009,-12,"Just Chatting, PEAK",https://sullygnome.com/channel/stream/331503820285
331551138301,2025-08-14T14:42:37Z,14580,4398,6338,19,Just Chatting,https://sullygnome.com/channel/stream/331551138301
331871072381,2025-08-18T23:37:45Z,22080,3657,4510,-24,Just Chatting,https://sullygnome.com/channel/stream/331871072381
331923264893,2025-08-19T20:29:49Z,11760,3257,3871,-18,"Just Chatting, Grandpa High on Retro",https://sullygnome.com/channel/stream/331923264893
331988075133,2025-08-20T22:19:01Z,23160,3652,5013,-15,Just Chatting,https://sullygnome.com/channel/stream/331988075133
332045301885,2025-08-21T22:41:01Z,29040,2064,4251,-33,Just Chatting,https://sullygnome.com/channel/stream/332045301885
332079382909,2025-08-22T14:39:08Z,18360,7099,16457,-40,"Just Chatting, PUBG MOBILE",https://sullygnome.com/channel/stream/332079382909
332238265725,2025-08-25T02:27:58Z,12780,3844,4332,-18,Just Chatting,https://sullygnome.com/channel/stream/332238265725
314758993498,2025-08-26T02:14:08Z,22560,3790,4492,-23,"Just Chatting, GeoGuessr",https://sullygnome.com/channel/stream/314758993498
332307332093,2025-08-26T23:27:11Z,24480,3879,5140,2,"Just Chatting, Waterpark Simulator, Midnight Murder Club",https://sullygnome.com/channel/stream/332307332093
314773610586,2025-08-28T01:30:38Z,17100,3537,4305,-27,"Just Chatting, Waterpark Simulator",https://sullygnome.com/channel/stream/314773610586
314785437019,2025-08-29T16:32:09Z,16080,3327,3989,-50,"Just Chatting, Waterpark Simulator",https://sullygnome.com/channel/stream/314785437019
314796757979,2025-08-30T15:37:22Z,14880,2886,3915,-42,"Waterpark Simulator, Just Chatting, GeoGuessr",https://sullygnome.com/channel/stream/314796757979
314823294297,2025-09-01T16:49:39Z,20460,3472,4130,-57,"Just Chatting, Waterpark Simulator",https://sullygnome.com/channel/stream/314823294297
314840476378,2025-09-03T02:07:41Z,11280,2656,3363,-13,"Just Chatting, Ale &amp; Tale Tavern",https://sullygnome.com/channel/stream/314840476378
314863906011,2025-09-05T03:04:43Z,20460,3702,5551,63,"Just Chatting, Waterpark Simulator",https://sullygnome.com/channel/stream/314863906011
314890051545,2025-09-07T00:24:03Z,15660,6975,8390,97,Just Chatting,https://sullygnome.com/channel/stream/314890051545
314915387354,2025-09-09T00:14:59Z,26160,3178,3716,-12,"Just Chatting, Ale &amp; Tale Tavern",https://sullygnome.com/channel/stream/314915387354
314927138905,2025-09-10T00:13:16Z,15420,3595,4444,-22,Just Chatting,https://sullygnome.com/channel/stream/314927138905
314934298843,2025-09-10T19:22:25Z,19380,3337,4016,-68,"Just Chatting, Waterpark Simulator, Ale &amp; Tale Tavern",https://sullygnome.com/channel/stream/314934298843
314948935387,2025-09-11T21:29:23Z,19860,2876,3695,-36,"Ale &amp; Tale Tavern, Just Chatting, Waterpark Simulator, Borderlands 4",https://sullygnome.com/channel/stream/314948935387
314998984410,2025-09-15T03:09:29Z,14760,3434,3805,-21,"Just Chatting, Arma Reforger",https://sullygnome.com/channel/stream/314998984410
315011004891,2025-09-15T17:26:19Z,11040,3544,3983,-26,"Just Chatting, Music, Waterpark Simulator",https://sullygnome.com/channel/stream/315011004891
315025855706,2025-09-17T01:44:43Z,15360,3045,3809,-17,"Just Chatting, Planet Crafter",https://sullygnome.com/channel/stream/315025855706
315135605080,2025-09-17T23:08:56Z,19320,4193,5569,-9,Just Chatting,https://sullygnome.com/channel/stream/315135605080
315065882843,2025-09-18T22:06:58Z,29340,3556,5811,18,"Just Chatting, Dying Light: The Beast",https://sullygnome.com/channel/stream/315065882843
315169887576,2025-09-20T20:45:26Z,12600,2416,3148,292,"Just Chatting, Towa and the Guardians of the Sacred Tree",https://sullygnome.com/channel/stream/315169887576
315143163995,2025-09-22T21:41:57Z,37140,11362,18459,803,"Just Chatting, Rust",https://sullygnome.com/channel/stream/315143163995
315139013722,2025-09-23T21:00:17Z,39600,6280,8189,465,"Just Chatting, Rust",https://sullygnome.com/channel/stream/315139013722
315176608603,2025-09-24T20:58:44Z,21720,4350,7161,188,"Just Chatting, Rust",https://sullygnome.com/channel/stream/315176608603
315190631387,2025-09-25T17:00:55Z,27000,4607,9255,253,"Just Chatting, HITMAN World of Assassination, Rust",https://sullygnome.com/channel/stream/315190631387
315212590048,2025-09-27T00:08:49Z,32820,3934,5696,242,"Just Chatting, Rust, Megabonk",https://sullygnome.com/channel/stream/315212590048
315237879387,2025-09-28T00:23:31Z,14820,2943,4658,71,"Just Chatting, Megabonk, Rust",https://sullygnome.com/channel/stream/315237879387
315175841495,2025-09-30T19:46:50Z,28740,5423,7313,196,"Just Chatting, Rust",https://sullygnome.com/channel/stream/315175841495
315291879002,2025-10-02T21:14:29Z,32460,4795,9227,-197,"Just Chatting, King of Meat",https://sullygnome.com/channel/stream/315291879002
315326755161,2025-10-06T19:26:09Z,43440,3617,4842,-196,"Just Chatting, Town to City, Megabonk, Planet Crafter",https://sullygnome.com/channel/stream/315326755161
315416261851,2025-10-07T21:43:34Z,21720,3992,5517,-73,"Just Chatting, Megabonk",https://sullygnome.com/channel/stream/315416261851
315449395803,2025-10-09T21:22:43Z,32880,3960,6555,-123,"Just Chatting, Halo: Combat Evolved Anniversary, Halo: The Master Chief Collection, Waterpark Simulator, Baby Steps",https://sullygnome.com/channel/stream/315449395803
315435691866,2025-10-11T00:36:35Z,20340,3309,4598,-38,"Just Chatting, Ghost of Yōtei",https://sullygnome.com/channel/stream/315435691866
315448111834,2025-10-11T18:27:20Z,14580,3419,4285,-83,"Just Chatting, Battlefield 6",https://sullygnome.com/channel/stream/315448111834
315469979354,2025-10-12T20:18:18Z,35820,3480,4384,-90,"Just Chatting, Dead Space, Battlefield 6",https://sullygnome.com/channel/stream/315469979354
315464915417,2025-10-14T18:05:41Z,17700,3480,5268,-66,"Just Chatting, Battlefield 6",https://sullygnome.com/channel/stream/315464915417
315527198938,2025-10-16T02:42:31Z,11880,3082,3987,73,"Just Chatting, DEVOUR",https://sullygnome.com/channel/stream/315527198938
315441903832,2025-10-19T22:56:03Z,9240,8608,11238,395,Just Chatting,https://sullygnome.com/channel/stream/315441903832
315590119129,2025-10-21T21:01:00Z,32340,3967,5822,-63,"Just Chatting, Megabonk",https://sullygnome.com/channel/stream/315590119129
315694449755,2025-10-23T21:05:46Z,28500,3256,4093,-25,"Just Chatting, Bounty Star, Music",https://sullygnome.com/channel/stream/315694449755
315483297752,2025-10-25T02:17:19Z,7980,2853,3754,-5,"Music, Just Chatting",https://sullygnome.com/channel/stream/315483297752
315694159065,2025-10-27T20:41:13Z,28140,4242,5711,-51,Just Chatting,https://sullygnome.com/channel/stream/315694159065
315787747803,2025-10-29T00:09:54Z,18360,4031,5025,-25,Just Chatting,https://sullygnome.com/channel/stream/315787747803
315730508889,2025-10-30T00:29:39Z,18060,4164,5159,14,Just Chatting,https://sullygnome.com/channel/stream/315730508889
315797973850,2025-10-31T20:40:44Z,8400,2929,3829,-28,"Just Chatting, BitLife",https://sullygnome.com/channel/stream/315797973850
315856311259,2025-11-02T00:06:06Z,10440,3501,4315,-9,Just Chatting,https://sullygnome.com/channel/stream/315856311259
315705409246,2025-11-03T20:51:14Z,7740,2856,3980,-25,Just Chatting,https://sullygnome.com/channel/stream/315705409246
315922480090,2025-11-08T00:20:42Z,25800,4001,5127,-42,Just Chatting,https://sullygnome.com/channel/stream/315922480090
315980815579,2025-11-08T23:15:11Z,19800,3474,4600,-60,Just Chatting,https://sullygnome.com/channel/stream/315980815579
316018482651,2025-11-10T21:01:00Z,29640,3997,5258,-63,Just Chatting,https://sullygnome.com/channel/stream/316018482651
315956247001,2025-11-12T00:50:03Z,15900,3647,4404,-32,"Just Chatting, Music",https://sullygnome.com/channel/stream/315956247001
315944472928,2025-11-14T02:44:16Z,25260,4274,5510,-47,"Music, Just Chatting",https://sullygnome.com/channel/stream/315944472928
316000158681,2025-11-14T21:49:06Z,29460,4083,5207,-51,"Just Chatting, Marvel Rivals",https://sullygnome.com/channel/stream/316000158681
316024977760,2025-11-19T03:11:09Z,11940,4119,4753,260,Just Chatting,https://sullygnome.com/channel/stream/316024977760
316033297888,2025-11-19T21:36:14Z,28440,4143,5252,218,Just Chatting,https://sullygnome.com/channel/stream/316033297888
315754607447,2025-11-21T00:21:57Z,9540,3124,4004,104,Just Chatting,https://sullygnome.com/channel/stream/315754607447
316162421466,2025-11-21T22:35:22Z,18600,2998,4183,-4,Just Chatting,https://sullygnome.com/channel/stream/316162421466
316217941978,2025-11-25T00:05:03Z,22200,4040,5657,0,"Just Chatting, Minecraft",https://sullygnome.com/channel/stream/316217941978
316010236764,2025-11-26T02:03:01Z,18720,3549,4373,-2,"Just Chatting, Ultimate Epic Battle Simulator 2, Minecraft",https://sullygnome.com/channel/stream/316010236764
316196336857,2025-11-26T18:17:53Z,21480,4049,4803,-6,"Just Chatting, Minecraft",https://sullygnome.com/channel/stream/316196336857
316360592731,2025-11-28T13:41:18Z,14640,2667,4190,21,"Just Chatting, Where Winds Meet",https://sullygnome.com/channel/stream/316360592731
316412549467,2025-12-01T00:19:59Z,24960,3600,4820,-35,"Just Chatting, Where Winds Meet",https://sullygnome.com/channel/stream/316412549467
316432688475,2025-12-02T02:04:10Z,28560,3256,4810,-25,"Just Chatting, Ultimate Theater Simulator, Mount &amp; Blade II: Bannerlord",https://sullygnome.com/channel/stream/316432688475
316312282713,2025-12-03T19:24:28Z,36360,3726,5231,-12,Just Chatting,https://sullygnome.com/channel/stream/316312282713
316569418459,2025-12-09T01:32:12Z,24180,4046,5873,40,Just Chatting,https://sullygnome.com/channel/stream/316569418459
316580846555,2025-12-09T20:31:19Z,26940,3396,4457,-9,"Just Chatting, ARC Raiders",https://sullygnome.com/channel/stream/316580846555
316597386203,2025-12-10T19:30:18Z,21600,3475,4439,-42,"Just Chatting, ARC Raiders",https://sullygnome.com/channel/stream/316597386203
316369228128,2025-12-13T00:39:47Z,14760,3703,4313,45,Just Chatting,https://sullygnome.com/channel/stream/316369228128
316380867424,2025-12-13T19:25:55Z,21000,12633,14995,299,Just Chatting,https://sullygnome.com/channel/stream/316380867424
316577037914,2025-12-15T21:20:06Z,22200,3258,4084,-39,"Just Chatting, ARC Raiders",https://sullygnome.com/channel/stream/316577037914
316712805467,2025-12-16T21:27:08Z,14580,3228,4163,-33,"ARC Raiders, Just Chatting",https://sullygnome.com/channel/stream/316712805467
316436014176,2025-12-17T20:08:17Z,17520,3944,5058,11,Just Chatting,https://sullygnome.com/channel/stream/316436014176
316761757915,2025-12-19T20:09:33Z,11160,2522,3637,-27,"Just Chatting, Sonic Racing: CrossWorlds",https://sullygnome.com/channel/stream/316761757915
316620076889,2025-12-21T22:35:14Z,21300,3541,4639,-1,"Just Chatting, Mario Kart World",https://sullygnome.com/channel/stream/316620076889
316520253536,2025-12-23T21:10:34Z,8400,3809,5779,4,Just Chatting,https://sullygnome.com/channel/stream/316520253536
316557047136,2025-12-26T20:00:13Z,15300,4005,4599,-31,Just Chatting,https://sullygnome.com/channel/stream/316557047136
316510349534,2025-12-27T21:10:12Z,29100,3483,4861,-14,"Just Chatting, Where Winds Meet",https://sullygnome.com/channel/stream/316510349534
316765248345,2025-12-29T23:12:48Z,19080,3639,4660,-9,"Just Chatting, Guilty as Sock!",https://sullygnome.com/channel/stream/316765248345
316782654681,2025-12-30T22:01:04Z,15240,4671,6639,-3,"Just Chatting, Brotato",https://sullygnome.com/channel/stream/316782654681
316835203545,2026-01-02T18:42:55Z,19980,2759,4184,1,"Just Chatting, Agreeee, The Binding of Isaac",https://sullygnome.com/channel/stream/316835203545
317039664091,2026-01-03T22:25:19Z,14700,2971,3851,-25,"Just Chatting, The Binding of Isaac, MineMogul",https://sullygnome.com/channel/stream/317039664091
317055167963,2026-01-04T17:13:34Z,38820,3091,3925,-126,"Just Chatting, MineMogul, Where Winds Meet",https://sullygnome.com/channel/stream/317055167963
316764631520,2026-01-09T15:56:43Z,5640,3729,5580,-3,Just Chatting,https://sullygnome.com/channel/stream/316764631520
316736968030,2026-01-11T13:48:43Z,14220,2514,3629,-29,Just Chatting,https://sullygnome.com/channel/stream/316736968030
316707935708,2026-01-13T16:01:10Z,17040,3142,4533,-26,Just Chatting,https://sullygnome.com/channel/stream/316707935708
316128331224,2026-01-14T11:56:33Z,17340,4015,5361,30,Just Chatting,https://sullygnome.com/channel/stream/316128331224
317120360281,2026-01-17T23:06:22Z,28440,2877,4048,-39,"Just Chatting, Quarantine Zone: The Last Check",https://sullygnome.com/channel/stream/317120360281
317220468186,2026-01-19T17:00:22Z,25200,2797,3497,-74,"Just Chatting, BALL x PIT, StarRupture, Minecraft, Magicraft",https://sullygnome.com/channel/stream/317220468186
317362362331,2026-01-20T17:00:35Z,20700,2537,5336,-57,"Just Chatting, Noita, KEEP GAMBLING",https://sullygnome.com/channel/stream/317362362331
317379545435,2026-01-21T17:00:18Z,29700,2870,6465,-55,"Just Chatting, Deep Rock Galactic: Survivor, The Binding of Isaac, BALL x PIT",https://sullygnome.com/channel/stream/317379545435
317273648474,2026-01-22T17:00:25Z,21600,3796,5523,40,"Just Chatting, Special Events, BALL x PIT, Grand Theft Auto V, LORT",https://sullygnome.com/channel/stream/317273648474
317291170522,2026-01-23T17:00:32Z,23400,2855,5588,-75,"Just Chatting, Megabonk, LORT, Aviassembly",https://sullygnome.com/channel/stream/317291170522
317318277082,2026-01-24T22:27:43Z,13680,1919,3325,-56,"Just Chatting, PUBG: BATTLEGROUNDS",https://sullygnome.com/channel/stream/317318277082
317477753179,2026-01-26T17:01:05Z,15240,2622,3435,-56,"Just Chatting, Half Sword, BALL x PIT",https://sullygnome.com/channel/stream/317477753179
317395115226,2026-01-28T17:00:21Z,16200,2792,3444,-46,"Just Chatting, Chivalry 2",https://sullygnome.com/channel/stream/317395115226
317413720410,2026-01-29T17:00:25Z,24300,3045,4427,-62,"Just Chatting, Half Sword, LORT",https://sullygnome.com/channel/stream/317413720410
317431864666,2026-01-30T17:00:48Z,24300,3332,6404,-2,"Just Chatting, Half Sword, Grand Theft Auto V",https://sullygnome.com/channel/stream/317431864666
317430524761,2026-02-02T17:01:02Z,39540,2711,3985,-79,"Just Chatting, RollerCoaster Tycoon Classic, Tainted Grail: The Fall of Avalon",https://sullygnome.com/channel/stream/317430524761
317631127003,2026-02-03T17:00:29Z,8100,2482,3255,-40,"Just Chatting, HELLMART",https://sullygnome.com/channel/stream/317631127003
317190066016,2026-02-04T00:10:09Z,16500,3175,3908,-29,Just Chatting,https://sullygnome.com/channel/stream/317190066016
316316845272,2026-02-05T02:20:06Z,15900,3502,4538,-7,Just Chatting,https://sullygnome.com/channel/stream/316316845272
317220055648,2026-02-05T20:13:59Z,16320,3458,5366,-12,Just Chatting,https://sullygnome.com/channel/stream/317220055648
316687658583,2026-02-10T01:49:09Z,15060,3416,5357,0,Just Chatting,https://sullygnome.com/channel/stream/316687658583
317243604446,2026-02-10T17:47:49Z,11580,3230,4261,-20,Just Chatting,https://sullygnome.com/channel/stream/317243604446
316721688151,2026-02-12T23:54:07Z,13860,3626,5424,158,Just Chatting,https://sullygnome.com/channel/stream/316721688151
317650571993,2026-02-16T01:24:14Z,18360,3483,4602,-4,Just Chatting,https://sullygnome.com/channel/stream/317650571993
317342377054,2026-02-16T19:55:41Z,21900,3149,4433,-13,"Just Chatting, Sleeping Dogs",https://sullygnome.com/channel/stream/317342377054
317764741210,2026-02-17T22:24:32Z,25560,3195,4226,-34,Just Chatting,https://sullygnome.com/channel/stream/317764741210
316815513815,2026-02-20T21:23:21Z,12120,3266,4256,-4,Just Chatting,https://sullygnome.com/channel/stream/316815513815
317479918432,2026-02-21T21:04:21Z,344460,5818,19854,273,"Just Chatting, Fortnite",https://sullygnome.com/channel/stream/317479918432
317544121568,2026-02-25T21:00:51Z,270000,4978,18367,-49,"Special Events, Just Chatting, IRL, Kingdom Come: Deliverance II, Marathon",https://sullygnome.com/channel/stream/317544121568
317625933280,2026-03-02T21:00:16Z,12600,2804,3868,-22,Just Chatting,https://sullygnome.com/channel/stream/317625933280
318025793882,2026-03-04T01:21:19Z,12240,2037,2471,-19,"Just Chatting, World of Warcraft",https://sullygnome.com/channel/stream/318025793882
317532761820,2026-03-04T17:58:04Z,11820,3174,4830,-23,Just Chatting,https://sullygnome.com/channel/stream/317532761820
316086321655,2026-03-06T02:20:04Z,22200,2065,3171,-17,"Just Chatting, Where Winds Meet",https://sullygnome.com/channel/stream/316086321655
318007980633,2026-03-06T23:59:08Z,26160,3052,4188,-18,"Just Chatting, Just Catting",https://sullygnome.com/channel/stream/318007980633
318088322906,2026-03-07T18:07:36Z,13980,1402,2108,-29,"Just Chatting, Marathon",https://sullygnome.com/channel/stream/318088322906
318225052251,2026-03-08T23:58:49Z,19020,1625,2789,-24,"Just Chatting, Where Winds Meet",https://sullygnome.com/channel/stream/318225052251
318165915738,2026-03-11T21:08:17Z,24720,3572,6469,-47,Just Chatting,https://sullygnome.com/channel/stream/318165915738
318289566939,2026-03-12T23:07:09Z,15780,3161,6315,-42,Just Chatting,https://sullygnome.com/channel/stream/318289566939
318134292569,2026-03-13T21:04:39Z,15960,3060,5129,-20,Just Chatting,https://sullygnome.com/channel/stream/318134292569
318155633497,2026-03-14T21:00:21Z,10800,1495,1810,-27,"Just Chatting, The Seven Deadly Sins: Origin",https://sullygnome.com/channel/stream/318155633497
317704422876,2026-03-15T19:11:44Z,20940,3783,6743,-20,Just Chatting,https://sullygnome.com/channel/stream/317704422876
318190784985,2026-03-16T17:27:42Z,15480,3266,4933,5,Just Chatting,https://sullygnome.com/channel/stream/318190784985
316662063064,2026-03-17T19:06:44Z,32940,3156,4485,-16,Just Chatting,https://sullygnome.com/channel/stream/316662063064
318249790041,2026-03-20T00:37:40Z,20280,1887,3309,-16,"Just Chatting, Crimson Desert",https://sullygnome.com/channel/stream/318249790041
318386997082,2026-03-24T00:26:10Z,21840,2077,2953,-18,"Just Chatting, Kingdom Come: Deliverance II, Content King",https://sullygnome.com/channel/stream/318386997082
316719760472,2026-03-24T19:30:05Z,20700,2875,3824,-12,Just Chatting,https://sullygnome.com/channel/stream/316719760472
318522816219,2026-03-25T22:31:38Z,19740,2060,2713,-52,"Just Chatting, Screamer",https://sullygnome.com/channel/stream/318522816219
317223587159,2026-03-27T23:01:42Z,10740,2934,3980,-1,Just Chatting,https://sullygnome.com/channel/stream/317223587159
318507403482,2026-03-30T21:05:21Z,25800,2162,2825,-59,"Just Chatting, Teardown",https://sullygnome.com/channel/stream/318507403482
318058108384,2026-03-31T18:44:08Z,21660,3990,6095,-12,Just Chatting,https://sullygnome.com/channel/stream/318058108384
318534853977,2026-04-04T20:31:16Z,33240,2746,4133,-72,"Just Chatting, Horsey Game",https://sullygnome.com/channel/stream/318534853977
317327852247,2026-04-05T21:16:06Z,21540,2745,4023,-23,Just Chatting,https://sullygnome.com/channel/stream/317327852247
318758261851,2026-04-08T01:29:40Z,14460,2860,4573,6,"Just Chatting, The Elder Scrolls V: Skyrim",https://sullygnome.com/channel/stream/318758261851
318666302810,2026-04-08T23:31:00Z,20640,2485,3349,-6,"Just Chatting, The Elder Scrolls V: Skyrim - Special Edition",https://sullygnome.com/channel/stream/318666302810
318679505242,2026-04-09T20:03:53Z,27720,2332,3716,-51,"Just Chatting, Starfield",https://sullygnome.com/channel/stream/318679505242
318639307993,2026-04-10T23:35:56Z,20400,1806,2811,-24,"Just Chatting, Soulmask",https://sullygnome.com/channel/stream/318639307993
318729091673,2026-04-15T20:21:56Z,32940,2821,4212,-66,Just Chatting,https://sullygnome.com/channel/stream/318729091673
318918984539,2026-04-17T02:32:06Z,27780,2675,3698,-27,Just Chatting,https://sullygnome.com/channel/stream/318918984539
318848585306,2026-04-18T23:57:14Z,22680,2884,3767,-56,Just Chatting,https://sullygnome.com/channel/stream/318848585306
318887977178,2026-04-21T01:56:55Z,23640,2815,4742,-26,"Just Chatting, Weed Shop 4: Highland, Retro Rewind: Video Store Simulator",https://sullygnome.com/channel/stream/318887977178
319007373275,2026-04-22T00:30:55Z,14400,2819,3844,-8,Just Chatting,https://sullygnome.com/channel/stream/319007373275
318871178201,2026-04-24T00:14:09Z,18060,2716,3839,47,Just Chatting,https://sullygnome.com/channel/stream/318871178201
317543124183,2026-04-25T01:12:26Z,8280,3689,5016,-2,Just Chatting,https://sullygnome.com/channel/stream/317543124183
319106279771,2026-04-27T20:08:50Z,21120,2752,4024,-42,Just Chatting,https://sullygnome.com/channel/stream/319106279771
318957152217,2026-04-28T22:41:42Z,26340,2850,3542,-33,"Just Chatting, The Elder Scrolls V: Skyrim - Special Edition",https://sullygnome.com/channel/stream/318957152217
319138711515,2026-04-29T20:49:20Z,23160,2533,3497,-54,"Retro Rewind: Video Store Simulator, Just Chatting",https://sullygnome.com/channel/stream/319138711515
318985109081,2026-04-30T20:16:13Z,26040,2775,3883,-34,Just Chatting,https://sullygnome.com/channel/stream/318985109081
319063971930,2026-05-01T22:32:25Z,74580,3260,4797,-29,Just Chatting,https://sullygnome.com/channel/stream/319063971930
319225879131,2026-05-04T22:05:14Z,18600,3176,4736,-39,Just Chatting,https://sullygnome.com/channel/stream/319225879131
319256120155,2026-05-06T22:08:00Z,22020,2579,3141,-25,Just Chatting,https://sullygnome.com/channel/stream/319256120155
319180822362,2026-05-08T22:29:22Z,19860,2846,3818,-51,Just Chatting,https://sullygnome.com/channel/stream/319180822362
319226636890,2026-05-11T02:35:36Z,19500,2552,3135,-32,"Just Chatting, Subnautica",https://sullygnome.com/channel/stream/319226636890
319345563355,2026-05-12T00:39:22Z,21960,3035,5060,-43,"Just Chatting, Subnautica",https://sullygnome.com/channel/stream/319345563355
319196762713,2026-05-13T00:44:44Z,17160,2686,3425,-26,"Just Chatting, Subnautica",https://sullygnome.com/channel/stream/319196762713
319375612891,2026-05-14T00:23:26Z,32820,2668,3567,-55,"Just Chatting, Subnautica",https://sullygnome.com/channel/stream/319375612891
319281118426,2026-05-14T19:45:26Z,14400,2381,2803,-32,"Just Chatting, Subnautica",https://sullygnome.com/channel/stream/319281118426
319317576922,2026-05-16T19:23:37Z,46320,3256,4635,-32,"Just Chatting, Subnautica",https://sullygnome.com/channel/stream/319317576922
319284563545,2026-05-18T00:27:16Z,26280,2920,3718,-33,"Just Chatting, Subnautica, Subnautica 2",https://sullygnome.com/channel/stream/319284563545
319304422361,2026-05-19T02:57:34Z,19080,2547,3841,6,"Just Chatting, Subnautica 2",https://sullygnome.com/channel/stream/319304422361
316606221815,2026-05-20T02:51:27Z,16740,2871,3430,-9,"Just Chatting, Death Stranding",https://sullygnome.com/channel/stream/316606221815
319329083481,2026-05-20T19:14:52Z,14460,2779,3310,-45,"Just Chatting, Death Stranding",https://sullygnome.com/channel/stream/319329083481
318673991134,2026-05-24T00:50:45Z,21300,2998,4154,-16,Just Chatting,https://sullygnome.com/channel/stream/318673991134
319480665306,2026-05-25T22:33:36Z,15120,3946,4845,19,Just Chatting,https://sullygnome.com/channel/stream/319480665306
318715639774,2026-05-27T02:10:43Z,21900,2847,4378,-18,Just Chatting,https://sullygnome.com/channel/stream/318715639774
319526464602,2026-05-28T17:32:04Z,28680,1165,1252,-32,Just Chatting,https://sullygnome.com/channel/stream/319526464602
319655130331,2026-05-30T00:00:13Z,20700,1151,1245,12,Just Chatting,https://sullygnome.com/channel/stream/319655130331
319561055449,2026-06-02T22:51:11Z,23940,1147,1256,-38,"Just Chatting, Warhammer 40,000: Space Marine",https://sullygnome.com/channel/stream/319561055449
319573718361,2026-06-03T18:19:57Z,21360,1121,1243,-41,"Nested Lands, Just Chatting, Warhammer 40,000: Dawn of War, Dishonored",https://sullygnome.com/channel/stream/319573718361
319614656089,2026-06-06T00:23:42Z,18420,1142,1231,-13,Just Chatting,https://sullygnome.com/channel/stream/319614656089
319826970843,2026-06-08T03:10:59Z,19200,1183,1257,-11,"Just Chatting, Forza Horizon 6",https://sullygnome.com/channel/stream/319826970843
316746354295,2026-06-08T23:43:15Z,25320,1163,1258,-16,"Just Chatting, Forza Horizon 6",https://sullygnome.com/channel/stream/316746354295
319695860057,2026-06-10T05:31:16Z,9840,1132,1244,-6,Just Chatting,https://sullygnome.com/channel/stream/319695860057
319727029337,2026-06-12T02:18:44Z,18720,1133,1242,-36,Just Chatting,https://sullygnome.com/channel/stream/319727029337
319907963867,2026-06-12T23:30:25Z,16200,1151,1250,45,Just Chatting,https://sullygnome.com/channel/stream/319907963867
317393433432,2026-06-15T20:31:47Z,17940,1151,1247,158,Just Chatting,https://sullygnome.com/channel/stream/317393433432
317411023064,2026-06-18T00:20:08Z,14100,1115,1239,5,Just Chatting,https://sullygnome.com/channel/stream/317411023064
316816880247,2026-06-18T21:51:51Z,15840,1116,1247,161,Just Chatting,https://sullygnome.com/channel/stream/316816880247
320117219163,2026-06-24T02:01:24Z,17940,1081,1247,1,Just Chatting,https://sullygnome.com/channel/stream/320117219163
320129242587,2026-06-24T22:13:45Z,22620,1116,1247,-10,Just Chatting,https://sullygnome.com/channel/stream/320129242587
320037177690,2026-06-26T00:03:27Z,32220,1152,1252,126,Just Chatting,https://sullygnome.com/channel/stream/320037177690
318264640343,2026-06-27T02:39:53Z,11160,1376,1485,6,Just Chatting,https://sullygnome.com/channel/stream/318264640343
320050905049,2026-06-29T23:59:38Z,16260,1124,1244,4,Just Chatting,https://sullygnome.com/channel/stream/320050905049
320142001498,2026-07-01T23:20:07Z,24000,1357,1499,-13,"Just Chatting, MECCHA CHAMELEON",https://sullygnome.com/channel/stream/320142001498
320161261402,2026-07-03T01:49:58Z,23160,1369,1491,-12,Just Chatting,https://sullygnome.com/channel/stream/320161261402
320361410651,2026-07-08T19:51:55Z,23040,1485,1752,-27,"Just Chatting, MECCHA CHAMELEON",https://sullygnome.com/channel/stream/320361410651
320268032474,2026-07-09T20:23:05Z,17520,1413,1750,-39,"Just Chatting, Trees Hate You, CAIRN",https://sullygnome.com/channel/stream/320268032474
320233752921,2026-07-11T01:04:00Z,14160,1499,1739,6,"Just Chatting, Dawson Oaks Trailer Park",https://sullygnome.com/channel/stream/320233752921
320330930650,2026-07-13T00:30:21Z,19800,1591,1754,-25,"Just Chatting, Dawson Oaks Trailer Park",https://sullygnome.com/channel/stream/320330930650
320344727514,2026-07-13T22:48:18Z,15120,1585,1738,9,Just Chatting,https://sullygnome.com/channel/stream/320344727514
320356987482,2026-07-14T17:18:11Z,20520,1592,1756,11,Just Chatting,https://sullygnome.com/channel/stream/320356987482
